Season,Competition,Matchday,Date,Venue,Club,Opponent,Result,Playing_Position,Minute,At_score,Type,Goal_assist
02-Mar,Liga Portugal,6,10-07-02,H,Sporting CP,Moreirense FC,3:00,LW,34,2:00,Solo run,
02-Mar,Liga Portugal,6,10-07-02,H,Sporting CP,Moreirense FC,3:00,LW,90+5,3:00,Header,Rui Jorge
02-Mar,Liga Portugal,8,10/26/02,A,Sporting CP,Boavista FC,1:02,,88,1:02,Right-footed shot,Carlos Martins
02-Mar,Taca de Portugal Placard,Fourth Round,11/24/02,H,Sporting CP,CD Estarreja,4:01,,67,3:00,Left-footed shot,Cesar Prates
02-Mar,Taca de Portugal Placard,Fifth Round,12/18/02,H,Sporting CP,FC Oliveira do Hospital,8:01,,13,3:00,,
03-Apr,Premier League,11,11-01-03,H,Manchester United,Portsmouth FC,3:00,RW,80,2:00,Direct free kick,
03-Apr,FA Cup,Fifth Round,2/14/04,H,Manchester United,Manchester City,4:02,RW,74,3:00,Right-footed shot,
03-Apr,Premier League,29,3/20/04,H,Manchester United,Tottenham Hotspur,3:00,,89,2:00,Right-footed shot,
03-Apr,Premier League,32,04-10-04,A,Manchester United,Birmingham City,1:02,,60,1:01,Header,Ryan Giggs
03-Apr,Premier League,38,5/15/04,A,Manchester United,Aston Villa,0:02,,4,0:01,Right-footed shot,
03-Apr,FA Cup,Final,5/22/04,H,Manchester United,Millwall FC,3:00,RW,44,1:00,Header,Gary Neville
04-May,Premier League,16,12-04-04,H,Manchester United,Southampton FC,3:00,,87,3:00,Right-footed shot,Gary Neville
04-May,FA Cup,Third Round,1/19/05,A,Manchester United,Exeter City,0:02,,9,0:01,,Paul Scholes
04-May,Premier League,24,1/22/05,H,Manchester United,Aston Villa,3:01,,8,1:00,Right-footed shot,Louis Saha
04-May,Premier League,25,02-01-05,A,Manchester United,Arsenal FC,2:04,RW,54,2:02,Left-footed shot,Ryan Giggs
04-May,Premier League,25,02-01-05,A,Manchester United,Arsenal FC,2:04,RW,58,2:03,Tap-in,Ryan Giggs
04-May,FA Cup,Fifth Round,2/19/05,A,Manchester United,Everton FC,0:02,,58,0:02,Tap-in,Paul Scholes
04-May,FA Cup,Sixth Round,03-12-05,A,Manchester United,Southampton FC,0:04,,45+1,0:02,Left-footed shot,Ruud van Nistelrooy
04-May,Premier League,30,3/19/05,H,Manchester United,Fulham FC,1:00,,21,1:00,Right-footed shot,Roy Keane
04-May,FA Cup,Semi-Finals,4/17/05,A,Manchester United,Newcastle United,1:04,RW,76,1:04,Right-footed shot,Ruud van Nistelrooy
05-Jun,UEFA Champions League Qualifying,3rd round,08-09-05,H,Manchester United,Debreceni VSC,3:00,,63,3:00,Right-footed shot,Paul Scholes
05-Jun,Premier League,11,10/29/05,A,Manchester United,Middlesbrough FC,4:01,,90,4:01,Header,Paul Scholes
05-Jun,EFL Cup,Round of 16,11/30/05,H,Manchester United,West Bromwich Albion,3:01,RW,12,1:01,Penalty,
05-Jun,Premier League,20,12/31/05,H,Manchester United,Bolton Wanderers,4:01,,68,3:01,Right-footed shot,Wayne Rooney
05-Jun,Premier League,20,12/31/05,H,Manchester United,Bolton Wanderers,4:01,,90,4:01,Left-footed shot,Ruud van Nistelrooy
05-Jun,Premier League,25,02-04-06,H,Manchester United,Fulham FC,4:02,,14,2:00,Direct free kick,
05-Jun,Premier League,25,02-04-06,H,Manchester United,Fulham FC,4:02,,87,4:02,Right-footed shot,
05-Jun,Premier League,26,02-11-06,A,Manchester United,Portsmouth FC,1:03,RW,38,0:02,Left-footed shot,
05-Jun,Premier League,26,02-11-06,A,Manchester United,Portsmouth FC,1:03,RW,45,0:03,Right-footed shot,Wayne Rooney
05-Jun,EFL Cup,Final,2/26/06,H,Manchester United,Wigan Athletic,4:00,RW,59,3:00,,Louis Saha
05-Jun,Premier League,28,03-06-06,A,Manchester United,Wigan Athletic,1:02,,74,1:01,Right-footed shot,Ruud van Nistelrooy
05-Jun,Premier League,38,05-07-06,H,Manchester United,Charlton Athletic,4:00,RW,23,2:00,Left-footed shot,Ryan Giggs
06-Jul,Premier League,1,8/20/06,H,Manchester United,Fulham FC,5:01,,19,4:00,,Wayne Rooney
06-Jul,Premier League,6,9/23/06,A,Manchester United,Reading FC,1:01,CF,73,1:01,,John OShea
06-Jul,Premier League,10,10/28/06,A,Manchester United,Bolton Wanderers,0:04,,82,0:03,,Louis Saha
06-Jul,Premier League,11,11-04-06,H,Manchester United,Portsmouth FC,3:00,RW,10,2:00,Direct free kick,
06-Jul,Premier League,15,11/29/06,H,Manchester United,Everton FC,3:00,,39,1:00,,
06-Jul,Premier League,17,12-09-06,H,Manchester United,Manchester City,3:01,,84,3:01,,
06-Jul,Premier League,19,12/23/06,A,Manchester United,Aston Villa,0:03,,58,0:01,,
06-Jul,Premier League,19,12/23/06,A,Manchester United,Aston Villa,0:03,,85,0:03,,Gary Neville
06-Jul,Premier League,20,12/26/06,H,Manchester United,Wigan Athletic,3:01,,47,1:00,,Paul Scholes
06-Jul,Premier League,20,12/26/06,H,Manchester United,Wigan Athletic,3:01,,50,2:00,Penalty rebound,Ji-sung Park
06-Jul,Premier League,21,12/30/06,H,Manchester United,Reading FC,3:02,RW,58,2:01,,Ole Gunnar Solskjaer
06-Jul,Premier League,21,12/30/06,H,Manchester United,Reading FC,3:02,RW,77,3:01,,Ryan Giggs
06-Jul,Premier League,23,1/13/07,H,Manchester United,Aston Villa,3:01,,34,3:00,Header,Michael Carrick
06-Jul,Premier League,25,1/31/07,H,Manchester United,Watford FC,4:00,RW,12,1:00,Penalty,
06-Jul,Premier League,26,02-03-07,A,Manchester United,Tottenham Hotspur,0:04,RW,45,0:01,Penalty,
06-Jul,Premier League,28,2/24/07,A,Manchester United,Fulham FC,1:02,,88,1:02,Solo run,
06-Jul,FA Cup,Sixth Round,03-10-07,A,Manchester United,Middlesbrough FC,2:02,RW,68,2:02,Penalty,
06-Jul,FA Cup,6th round,3/19/07,H,Manchester United,Middlesbrough FC,1:00,,76,1:00,Penalty,
06-Jul,UEFA Champions League,Quarter-Finals,04-10-07,H,Manchester United,AS Roma,7:01,RW,44,4:00,Right-footed shot,Ryan Giggs
06-Jul,UEFA Champions League,Quarter-Finals,04-10-07,H,Manchester United,AS Roma,7:01,RW,49,5:00,Right-footed shot,Ryan Giggs
06-Jul,FA Cup,Semi-Finals,4/14/07,A,Manchester United,Watford FC,1:04,,28,1:02,Right-footed shot,Wayne Rooney
06-Jul,UEFA Champions League,Semi-Finals,4/24/07,H,Manchester United,AC Milan,3:02,RW,5,1:00,Header,Ryan Giggs
06-Jul,Premier League,37,05-05-07,A,Manchester United,Manchester City,0:01,RW,34,0:01,Penalty,
07-Aug,UEFA Champions League,Group Stage,9/19/07,A,Manchester United,Sporting CP,0:01,RW,62,0:01,Header,Wes Brown
07-Aug,Premier League,8,9/29/07,A,Manchester United,Birmingham City,0:01,RW,51,0:01,,
07-Aug,Premier League,9,10-06-07,H,Manchester United,Wigan Athletic,4:00,RW,59,2:00,Header,Ryan Giggs
07-Aug,Premier League,9,10-06-07,H,Manchester United,Wigan Athletic,4:00,RW,76,3:00,Right-footed shot,Wayne Rooney
07-Aug,UEFA Champions League,Group Stage,10/23/07,A,Manchester United,Dynamo Kyiv,2:04,RW,41,1:03,Penalty,
07-Aug,UEFA Champions League,Group Stage,10/23/07,A,Manchester United,Dynamo Kyiv,2:04,RW,68,1:04,Header,Ryan Giggs
07-Aug,Premier League,12,11-03-07,A,Manchester United,Arsenal FC,2:02,RW,82,1:02,,Patrice Evra
07-Aug,UEFA Champions League,Group Stage,11-07-07,H,Manchester United,Dynamo Kyiv,4:00,RW,88,4:00,Right-footed shot,Patrice Evra
07-Aug,Premier League,13,11-11-07,H,Manchester United,Blackburn Rovers,2:00,RW,34,1:00,Header,Ryan Giggs
07-Aug,Premier League,13,11-11-07,H,Manchester United,Blackburn Rovers,2:00,RW,35,2:00,Right-footed shot,Carlos Tevez
07-Aug,UEFA Champions League,Group Stage,11/27/07,H,Manchester United,Sporting CP,2:01,RW,90+3,2:01,Direct free kick,
07-Aug,Premier League,15,12-03-07,H,Manchester United,Fulham FC,2:00,,10,1:00,Right-footed shot,Nemanja Vidicâ€Ž
07-Aug,Premier League,15,12-03-07,H,Manchester United,Fulham FC,2:00,,58,2:00,Header,John OShea
07-Aug,Premier League,16,12-08-07,H,Manchester United,Derby County,4:01,,90,4:01,Penalty,
07-Aug,Premier League,18,12/23/07,H,Manchester United,Everton FC,2:01,RW,22,1:00,Left-footed shot,Carlos Tevez
07-Aug,Premier League,18,12/23/07,H,Manchester United,Everton FC,2:01,RW,87,2:01,Penalty,
07-Aug,Premier League,19,12/26/07,A,Manchester United,Sunderland AFC,0:04,,45,0:03,Direct free kick,
07-Aug,Premier League,20,12/29/07,A,Manchester United,West Ham United,2:01,RW,14,0:01,Header,Ryan Giggs
07-Aug,FA Cup,Third Round,01-05-08,A,Manchester United,Aston Villa,0:02,,81,0:01,Left-footed shot,Ryan Giggs
07-Aug,Premier League,22,01-12-08,H,Manchester United,Newcastle United,6:00,RW,48,1:00,Direct free kick,
07-Aug,Premier League,22,01-12-08,H,Manchester United,Newcastle United,6:00,RW,70,3:00,Right-footed shot,Carlos Tevez
07-Aug,Premier League,22,01-12-08,H,Manchester United,Newcastle United,6:00,RW,88,5:00,Left-footed shot,
07-Aug,Premier League,23,1/19/08,A,Manchester United,Reading FC,0:02,RW,90+2,0:02,Right-footed shot,
07-Aug,FA Cup,Fourth Round,1/27/08,H,Manchester United,Tottenham Hotspur,3:01,RW,69,2:01,Penalty,
07-Aug,FA Cup,Fourth Round,1/27/08,H,Manchester United,Tottenham Hotspur,3:01,RW,88,3:01,Right-footed shot,Ryan Giggs
07-Aug,Premier League,24,1/30/08,H,Manchester United,Portsmouth FC,2:00,RW,10,1:00,Right-footed shot,Nani
07-Aug,Premier League,24,1/30/08,H,Manchester United,Portsmouth FC,2:00,RW,12,2:00,Direct free kick,
07-Aug,Premier League,27,2/23/08,A,Manchester United,Newcastle United,1:05,RW,45,0:02,Right-footed shot,Michael Carrick
07-Aug,Premier League,27,2/23/08,A,Manchester United,Newcastle United,1:05,RW,56,0:03,Right-footed shot,
07-Aug,UEFA Champions League,last 16,03-04-08,H,Manchester United,Olympique Lyon,1:00,RW,41,1:00,Left-footed shot,
07-Aug,Premier League,29,3/15/08,A,Manchester United,Derby County,0:01,,76,0:01,Right-footed shot,Wayne Rooney
07-Aug,Premier League,30,3/19/08,H,Manchester United,Bolton Wanderers,2:00,,8,1:00,Right-footed shot,
07-Aug,Premier League,30,3/19/08,H,Manchester United,Bolton Wanderers,2:00,,19,2:00,Direct free kick,
07-Aug,Premier League,31,3/23/08,H,Manchester United,Liverpool FC,3:00,RW,79,2:00,Header,Nani
07-Aug,Premier League,32,3/29/08,H,Manchester United,Aston Villa,4:00,RW,16,1:00,Right-footed shot,
07-Aug,UEFA Champions League,Quarter-Finals,04-01-08,A,Manchester United,AS Roma,0:02,RW,39,0:01,Header,Paul Scholes
07-Aug,Premier League,33,04-06-08,A,Manchester United,Middlesbrough FC,2:02,RW,9,0:01,Left-footed shot,Michael Carrick
07-Aug,Premier League,34,4/13/08,H,Manchester United,Arsenal FC,2:01,RW,53,1:01,Penalty,
07-Aug,Premier League,37,05-03-08,H,Manchester United,West Ham United,4:01,RW,3,1:00,Right-footed shot,Edwin van der Sar
07-Aug,Premier League,37,05-03-08,H,Manchester United,West Ham United,4:01,RW,24,2:00,Right-footed shot,Owen Hargreaves
07-Aug,Premier League,38,05-11-08,A,Manchester United,Wigan Athletic,0:02,RW,32,0:01,Penalty,
07-Aug,UEFA Champions League,Final,5/21/08,H,Manchester United,Chelsea FC,6:5 on pens,LW,26,1:00,Header,Wes Brown
08-Sep,EFL Cup,Third Round,9/23/08,H,Manchester United,Middlesbrough FC,3:01,,25,1:00,Header,Ryan Giggs
08-Sep,Premier League,6,9/27/08,H,Manchester United,Bolton Wanderers,2:00,RW,59,1:00,Penalty,
08-Sep,Premier League,8,10/18/08,H,Manchester United,West Bromwich Albion,4:00,RW,69,2:00,Left-footed shot,Wayne Rooney
08-Sep,Premier League,10,10/29/08,H,Manchester United,West Ham United,2:00,RW,14,1:00,Left-footed shot,Nani
08-Sep,Premier League,10,10/29/08,H,Manchester United,West Ham United,2:00,RW,30,2:00,Right-footed shot,Dimitar Berbatov
08-Sep,Premier League,11,11-01-08,H,Manchester United,Hull City,4:03,RW,3,1:00,Left-footed shot,Dimitar Berbatov
08-Sep,Premier League,11,11-01-08,H,Manchester United,Hull City,4:03,RW,43,3:01,Header,Nani
08-Sep,Premier League,13,11/15/08,H,Manchester United,Stoke City,5:00,RW,3,1:00,Direct free kick,
08-Sep,Premier League,13,11/15/08,H,Manchester United,Stoke City,5:00,RW,88,5:00,Direct free kick,
08-Sep,FIFA Club World Cup,Semi-Finals,12/18/08,A,Manchester United,Gamba Osaka,3:05,LW,45+1,0:02,Header,Ryan Giggs
08-Sep,EFL Cup,Semi-Finals,1/20/09,H,Manchester United,Derby County,4:02,,89,4:01,Penalty,
08-Sep,Premier League,23,1/27/09,A,Manchester United,West Bromwich Albion,0:05,LW,65,0:04,Right-footed shot,Ryan Giggs
08-Sep,Premier League,23,1/27/09,A,Manchester United,West Bromwich Albion,0:05,LW,73,0:05,Right-footed shot,Dimitar Berbatov
08-Sep,Premier League,24,1/31/09,H,Manchester United,Everton FC,1:00,LW,43,1:00,Penalty,
08-Sep,FA Cup,Fifth Round,2/15/09,A,Manchester United,Derby County,1:04,CF,68,1:03,Header,Ryan Giggs
08-Sep,Premier League,26,2/21/09,H,Manchester United,Blackburn Rovers,2:01,,60,2:01,Direct free kick,
08-Sep,UEFA Champions League,last 16,03-11-09,H,Manchester United,FC Internazionale,2:00,RW,49,2:00,Header,Wayne Rooney
08-Sep,Premier League,29,3/14/09,H,Manchester United,Liverpool FC,1:04,RW,22,1:00,Penalty,
08-Sep,Premier League,31,04-05-09,H,Manchester United,Aston Villa,3:02,RW,11,1:00,Direct free kick,
08-Sep,Premier League,31,04-05-09,H,Manchester United,Aston Villa,3:02,RW,80,2:02,Left-footed shot,Michael Carrick
08-Sep,UEFA Champions League,Quarter-Finals,4/15/09,A,Manchester United,FC Porto,0:01,RW,6,0:01,Long distance kick,Anderson
08-Sep,Premier League,34,4/25/09,H,Manchester United,Tottenham Hotspur,5:02,RW,57,1:02,Penalty,
08-Sep,Premier League,34,4/25/09,H,Manchester United,Tottenham Hotspur,5:02,RW,68,3:02,Header,Wayne Rooney
08-Sep,UEFA Champions League,Semi-Finals,05-05-09,A,Manchester United,Arsenal FC,1:03,CF,11,0:02,Direct free kick,
08-Sep,UEFA Champions League,Semi-Finals,05-05-09,A,Manchester United,Arsenal FC,1:03,CF,61,0:03,Right-footed shot,Wayne Rooney
08-Sep,Premier League,36,05-10-09,H,Manchester United,Manchester City,2:00,RW,17,1:00,Direct free kick,
09-Oct,LaLiga,1,8/29/09,H,Real Madrid,Deportivo de La CoruÃ±a,3:02,RW,35,2:01,Penalty,
09-Oct,LaLiga,2,09-12-09,A,Real Madrid,RCD Espanyol Barcelona,0:03,,90,0:03,Right-footed shot,Guti
09-Oct,UEFA Champions League,Group Stage,9/15/09,A,Real Madrid,FC ZÃ¼rich,2:05,CF,27,0:01,Direct free kick,
09-Oct,UEFA Champions League,Group Stage,9/15/09,A,Real Madrid,FC ZÃ¼rich,2:05,CF,89,2:04,Direct free kick,
09-Oct,LaLiga,3,9/20/09,H,Real Madrid,Xerez CD,5:00,RW,1,1:00,Right-footed shot,
09-Oct,LaLiga,3,9/20/09,H,Real Madrid,Xerez CD,5:00,RW,75,2:00,Header,Esteban Granero
09-Oct,LaLiga,4,9/23/09,A,Real Madrid,Villarreal CF,0:02,CF,2,0:01,Right-footed shot,
09-Oct,UEFA Champions League,Group Stage,9/30/09,H,Real Madrid,Olympique Marseille,3:00,CF,58,1:00,Left-footed shot,Pepe
09-Oct,UEFA Champions League,Group Stage,9/30/09,H,Real Madrid,Olympique Marseille,3:00,CF,64,3:00,Right-footed shot,Karim Benzema
09-Oct,LaLiga,13,12-05-09,H,Real Madrid,UD Almeria,4:02,CF,84,4:02,Right-footed shot,Gonzalo Higuain
09-Oct,UEFA Champions League,Group Stage,12-08-09,A,Real Madrid,Olympique Marseille,1:03,CF,5,0:01,Direct free kick,
09-Oct,UEFA Champions League,Group Stage,12-08-09,A,Real Madrid,Olympique Marseille,1:03,CF,80,1:03,Right-footed shot,Lassana Diarra
09-Oct,LaLiga,15,12/19/09,H,Real Madrid,Real Zaragoza,6:00,CF,50,5:00,Left-footed shot,Ezequiel Garay
09-Oct,LaLiga,19,1/24/10,H,Real Madrid,Malaga CF,2:00,RW,35,1:00,Right-footed shot,Kaka
09-Oct,LaLiga,19,1/24/10,H,Real Madrid,Malaga CF,2:00,RW,39,2:00,Right-footed shot,Guti
09-Oct,LaLiga,22,2/13/10,A,Real Madrid,Xerez CD,0:03,,69,0:02,Header,Kaka
09-Oct,LaLiga,22,2/13/10,A,Real Madrid,Xerez CD,0:03,,71,0:03,Left-footed shot,Kaka
09-Oct,LaLiga,23,2/21/10,H,Real Madrid,Villarreal CF,6:02,,18,1:00,Direct free kick,
09-Oct,LaLiga,24,2/27/10,A,Real Madrid,CD Tenerife,1:05,,78,1:04,Penalty,
09-Oct,LaLiga,25,03-06-10,H,Real Madrid,Sevilla FC,3:02,CF,59,1:02,Left-footed shot,
09-Oct,UEFA Champions League,last 16,03-10-10,H,Real Madrid,Olympique Lyon,1:01,LW,6,1:00,Left-footed shot,Guti
09-Oct,LaLiga,26,3/14/10,A,Real Madrid,Real Valladolid CF,1:04,CF,29,0:01,Direct free kick,
09-Oct,LaLiga,28,3/25/10,A,Real Madrid,Getafe CF,2:04,,13,0:01,Direct free kick,
09-Oct,LaLiga,28,3/25/10,A,Real Madrid,Getafe CF,2:04,,36,0:04,Right-footed shot,
09-Oct,LaLiga,30,04-04-10,A,Real Madrid,Racing Santander,0:02,,23,0:01,Penalty,
09-Oct,LaLiga,32,4/15/10,A,Real Madrid,UD Almeria,1:02,,26,1:01,Left-footed shot,
09-Oct,LaLiga,33,4/18/10,H,Real Madrid,Valencia CF,2:00,CF,77,2:00,Right-footed shot,Marcelo
09-Oct,LaLiga,35,05-02-10,H,Real Madrid,CA Osasuna,3:02,,25,1:01,Right-footed shot,
09-Oct,LaLiga,35,05-02-10,H,Real Madrid,CA Osasuna,3:02,,89,3:02,Header,Gonzalo Higuain
09-Oct,LaLiga,36,05-05-10,A,Real Madrid,RCD Mallorca,1:04,,26,1:01,Right-footed shot,Sergio Ramos
09-Oct,LaLiga,36,05-05-10,A,Real Madrid,RCD Mallorca,1:04,,56,1:02,Right-footed shot,Sergio Ramos
09-Oct,LaLiga,36,05-05-10,A,Real Madrid,RCD Mallorca,1:04,,71,1:03,Right-footed shot,
09-Oct,LaLiga,37,05-08-10,H,Real Madrid,Athletic Bilbao,5:01,CF,21,1:00,Penalty,
10-Nov,LaLiga,4,9/21/10,H,Real Madrid,RCD Espanyol Barcelona,3:00,LW,28,1:00,Penalty,
10-Nov,LaLiga,6,10-03-10,H,Real Madrid,Deportivo de La CoruÃ±a,6:01,LW,4,1:00,Header,Mesut Ozil
10-Nov,LaLiga,6,10-03-10,H,Real Madrid,Deportivo de La CoruÃ±a,6:01,LW,89,6:01,Left-footed shot,Xabi Alonso
10-Nov,LaLiga,7,10/16/10,A,Real Madrid,Malaga CF,1:04,LW,45,0:02,Right-footed shot,Mesut Ozil
10-Nov,LaLiga,7,10/16/10,A,Real Madrid,Malaga CF,1:04,LW,50,0:03,Penalty,
10-Nov,UEFA Champions League,Group Stage,10/19/10,H,Real Madrid,AC Milan,2:00,LW,13,1:00,Direct free kick,
10-Nov,LaLiga,8,10/23/10,H,Real Madrid,Racing Santander,6:01,LW,15,2:00,Right-footed shot,Gonzalo Higuain
10-Nov,LaLiga,8,10/23/10,H,Real Madrid,Racing Santander,6:01,LW,26,3:00,Left-footed shot,Mesut Ozil
10-Nov,LaLiga,8,10/23/10,H,Real Madrid,Racing Santander,6:01,LW,47,4:00,Right-footed shot,Angel Di Maria
10-Nov,LaLiga,8,10/23/10,H,Real Madrid,Racing Santander,6:01,LW,55,5:00,Penalty,
10-Nov,LaLiga,9,10/30/10,A,Real Madrid,Hercules CF,1:03,LW,82,1:02,Right-footed shot,Karim Benzema
10-Nov,LaLiga,9,10/30/10,A,Real Madrid,Hercules CF,1:03,LW,86,1:03,Right-footed shot,Karim Benzema
10-Nov,Copa del Rey,4th round,11-10-10,H,Real Madrid,Real Murcia CF,5:01,,76,3:00,Left-footed shot,Angel Di Maria
10-Nov,LaLiga,12,11/20/10,H,Real Madrid,Athletic Bilbao,5:01,LW,30,2:00,Left-footed shot,Mesut Ozil
10-Nov,LaLiga,12,11/20/10,H,Real Madrid,Athletic Bilbao,5:01,LW,62,4:01,Direct free kick,
10-Nov,LaLiga,12,11/20/10,H,Real Madrid,Athletic Bilbao,5:01,LW,90+1,5:01,Penalty,
10-Nov,UEFA Champions League,Group Stage,11/23/10,A,Real Madrid,Ajax Amsterdam,0:04,LW,70,0:03,Left-footed shot,Angel Di Maria
10-Nov,UEFA Champions League,Group Stage,11/23/10,A,Real Madrid,Ajax Amsterdam,0:04,LW,81,0:04,Penalty,
10-Nov,LaLiga,14,12-04-10,H,Real Madrid,Valencia CF,2:00,LW,72,1:00,Left-footed shot,Mesut Ozil
10-Nov,LaLiga,14,12-04-10,H,Real Madrid,Valencia CF,2:00,LW,86,2:00,Right-footed shot,
10-Nov,UEFA Champions League,Group Stage,12-08-10,H,Real Madrid,AJ Auxerre,4:00,LW,49,2:00,Right-footed shot,Marcelo
10-Nov,LaLiga,15,12-12-10,A,Real Madrid,Real Zaragoza,1:03,LW,43,0:02,Direct free kick,
10-Nov,Copa del Rey,last 16,12/22/10,H,Real Madrid,Levante UD,8:00,LW,44,4:00,Right-footed shot,Karim Benzema
10-Nov,Copa del Rey,last 16,12/22/10,H,Real Madrid,Levante UD,8:00,LW,71,6:00,Right-footed shot,Angel Di Maria
10-Nov,Copa del Rey,last 16,12/22/10,H,Real Madrid,Levante UD,8:00,LW,73,7:00,Right-footed shot,Karim Benzema
10-Nov,LaLiga,17,01-03-11,A,Real Madrid,Getafe CF,2:03,LW,11,0:01,Penalty,
10-Nov,LaLiga,17,01-03-11,A,Real Madrid,Getafe CF,2:03,LW,57,1:03,Right-footed shot,Karim Benzema
10-Nov,LaLiga,18,01-09-11,H,Real Madrid,Villarreal CF,4:02,LW,10,1:01,Right-footed shot,Mesut Ozil
10-Nov,LaLiga,18,01-09-11,H,Real Madrid,Villarreal CF,4:02,LW,45,2:02,Header,Xabi Alonso
10-Nov,LaLiga,18,01-09-11,H,Real Madrid,Villarreal CF,4:02,LW,79,3:02,Left-footed shot,Kaka
10-Nov,Copa del Rey,Quarter-Finals,1/13/11,H,Real Madrid,Atletico de Madrid,3:01,LW,60,2:01,Right-footed shot,Mesut Ozil
10-Nov,Copa del Rey,Quarter-Finals,1/20/11,A,Real Madrid,Atletico de Madrid,0:01,CF,22,0:01,Right-footed shot,Sergio Ramos
10-Nov,LaLiga,22,02-06-11,H,Real Madrid,Real Sociedad,4:01,LW,20,2:00,Left-footed shot,Kaka
10-Nov,LaLiga,22,02-06-11,H,Real Madrid,Real Sociedad,4:01,LW,42,3:00,Header,Mesut Ozil
10-Nov,LaLiga,26,03-03-11,H,Real Madrid,Malaga CF,7:00,LW,50,4:00,Left-footed shot,Mesut Ozil
10-Nov,LaLiga,26,03-03-11,H,Real Madrid,Malaga CF,7:00,LW,67,6:00,Penalty,
10-Nov,LaLiga,26,03-03-11,H,Real Madrid,Malaga CF,7:00,LW,76,7:00,Right-footed shot,Sergio Canales
10-Nov,UEFA Champions League,Quarter-Finals,04-05-11,H,Real Madrid,Tottenham Hotspur,4:00,LW,87,4:00,Right-footed shot,Kaka
10-Nov,LaLiga,31,04-09-11,A,Real Madrid,Athletic Bilbao,0:03,CF,70,0:03,Right-footed shot,Esteban Granero
10-Nov,UEFA Champions League,Quarter-Finals,4/13/11,A,Real Madrid,Tottenham Hotspur,0:01,RW,50,0:01,Right-footed shot,Sami Khedira
10-Nov,LaLiga,32,4/16/11,H,Real Madrid,FC Barcelona,1:01,LW,82,1:01,Penalty,
10-Nov,Copa del Rey,Final,4/20/11,A,Real Madrid,FC Barcelona,0:1 AET,CF,103,0:01,Header,Angel Di Maria
10-Nov,LaLiga,35,05-07-11,A,Real Madrid,Sevilla FC,2:06,LW,30,0:02,Right-footed shot,Pepe
10-Nov,LaLiga,35,05-07-11,A,Real Madrid,Sevilla FC,2:06,LW,64,1:04,Right-footed shot,
10-Nov,LaLiga,35,05-07-11,A,Real Madrid,Sevilla FC,2:06,LW,70,1:05,Right-footed shot,Mesut Ozil
10-Nov,LaLiga,35,05-07-11,A,Real Madrid,Sevilla FC,2:06,LW,76,1:06,Right-footed shot,Karim Benzema
10-Nov,LaLiga,36,05-10-11,H,Real Madrid,Getafe CF,4:00,LW,23,1:00,Header,Mesut Ozil
10-Nov,LaLiga,36,05-10-11,H,Real Madrid,Getafe CF,4:00,LW,57,2:00,Left-footed shot,Mesut Ozil
10-Nov,LaLiga,36,05-10-11,H,Real Madrid,Getafe CF,4:00,LW,90+1,4:00,Penalty,
10-Nov,LaLiga,37,5/15/11,A,Real Madrid,Villarreal CF,1:03,CF,22,0:02,Direct free kick,
10-Nov,LaLiga,37,5/15/11,A,Real Madrid,Villarreal CF,1:03,CF,90,1:03,Direct free kick,
10-Nov,LaLiga,38,5/21/11,H,Real Madrid,UD Almeria,8:01,LW,4,1:00,Right-footed shot,Sergio Ramos
10-Nov,LaLiga,38,5/21/11,H,Real Madrid,UD Almeria,8:01,LW,76,7:01,Right-footed shot,Sergio Ramos
11-Dec,Supercopa,final,8/17/11,A,Real Madrid,FC Barcelona,3:02,LW,20,1:01,Right-footed shot,Karim Benzema
11-Dec,LaLiga,2,8/28/11,A,Real Madrid,Real Zaragoza,0:06,LW,23,0:01,Left-footed shot,Mesut Ozil
11-Dec,LaLiga,2,8/28/11,A,Real Madrid,Real Zaragoza,0:06,LW,70,0:04,Right-footed shot,Angel Di Maria
11-Dec,LaLiga,2,8/28/11,A,Real Madrid,Real Zaragoza,0:06,LW,86,0:06,Right-footed shot,Kaka
11-Dec,LaLiga,3,09-10-11,H,Real Madrid,Getafe CF,4:02,LW,59,2:01,Penalty,
11-Dec,LaLiga,6,9/24/11,H,Real Madrid,Rayo Vallecano,6:02,LW,39,1:01,Left-footed shot,Kaka
11-Dec,LaLiga,6,9/24/11,H,Real Madrid,Rayo Vallecano,6:02,LW,51,3:01,Penalty,
11-Dec,LaLiga,6,9/24/11,H,Real Madrid,Rayo Vallecano,6:02,LW,84,6:02,Penalty,
11-Dec,UEFA Champions League,Group Stage,9/27/11,H,Real Madrid,Ajax Amsterdam,3:00,LW,25,1:00,Right-footed shot,Karim Benzema
11-Dec,LaLiga,9,10/22/11,A,Real Madrid,Malaga CF,0:04,LW,24,0:02,Left-footed shot,Angel Di Maria
11-Dec,LaLiga,9,10/22/11,A,Real Madrid,Malaga CF,0:04,LW,28,0:03,Right-footed shot,Xabi Alonso
11-Dec,LaLiga,9,10/22/11,A,Real Madrid,Malaga CF,0:04,LW,38,0:04,Right-footed shot,Sergio Ramos
11-Dec,UEFA Champions League,Group Stage,11-02-11,A,Real Madrid,Olympique Lyon,0:02,LW,25,0:01,Direct free kick,
11-Dec,UEFA Champions League,Group Stage,11-02-11,A,Real Madrid,Olympique Lyon,0:02,LW,69,0:02,Penalty,
11-Dec,LaLiga,12,11-06-11,H,Real Madrid,CA Osasuna,7:01,LW,23,1:00,Header,Angel Di Maria
11-Dec,LaLiga,12,11-06-11,H,Real Madrid,CA Osasuna,7:01,LW,55,4:01,Penalty,
11-Dec,LaLiga,12,11-06-11,H,Real Madrid,CA Osasuna,7:01,LW,58,5:01,Header,alvaro Arbeloa
11-Dec,LaLiga,13,11/19/11,A,Real Madrid,Valencia CF,2:03,LW,79,1:03,Right-footed shot,Pepe
11-Dec,LaLiga,14,11/26/11,H,Real Madrid,Atletico de Madrid,4:01,LW,24,1:01,Penalty,
11-Dec,LaLiga,14,11/26/11,H,Real Madrid,Atletico de Madrid,4:01,LW,82,4:01,Penalty,
11-Dec,LaLiga,15,12-03-11,A,Real Madrid,Sporting GijÃ³n,0:03,LW,65,0:02,Right-footed shot,Angel Di Maria
11-Dec,Copa del Rey,4th round,12/13/11,A,Real Madrid,SD Ponferradina,0:02,LW,74,0:02,Left-footed shot,Gonzalo Higuain
11-Dec,LaLiga,17,12/17/11,A,Real Madrid,Sevilla FC,2:06,LW,10,0:01,Right-footed shot,Angel Di Maria
11-Dec,LaLiga,17,12/17/11,A,Real Madrid,Sevilla FC,2:06,LW,41,0:03,Right-footed shot,Karim Benzema
11-Dec,LaLiga,17,12/17/11,A,Real Madrid,Sevilla FC,2:06,LW,86,1:05,Penalty,
11-Dec,LaLiga,18,01-07-12,H,Real Madrid,Granada CF,5:01,LW,89,5:01,Right-footed shot,
11-Dec,Copa del Rey,Quarter-Finals,1/18/12,H,Real Madrid,FC Barcelona,1:02,LW,11,1:00,Left-footed shot,Karim Benzema
11-Dec,LaLiga,1,1/22/12,H,Real Madrid,Athletic Bilbao,4:01,LW,46,2:01,Penalty,
11-Dec,LaLiga,1,1/22/12,H,Real Madrid,Athletic Bilbao,4:01,LW,67,3:01,Penalty,
11-Dec,Copa del Rey,Quarter-Finals,1/25/12,A,Real Madrid,FC Barcelona,2:02,LW,68,2:01,Right-footed shot,Mesut Ozil
11-Dec,LaLiga,21,1/28/12,H,Real Madrid,Real Zaragoza,3:01,LW,48,2:01,Right-footed shot,Mesut Ozil
11-Dec,LaLiga,23,02-12-12,H,Real Madrid,Levante UD,4:02,LW,45,1:01,Penalty,
11-Dec,LaLiga,23,02-12-12,H,Real Madrid,Levante UD,4:02,LW,50,2:01,Header,Gonzalo Higuain
11-Dec,LaLiga,23,02-12-12,H,Real Madrid,Levante UD,4:02,LW,57,3:01,Right-footed shot,Fabio CoentrÃ£o
11-Dec,LaLiga,24,2/18/12,H,Real Madrid,Racing Santander,4:00,LW,6,1:00,Header,Kaka
11-Dec,UEFA Champions League,last 16,2/21/12,A,Real Madrid,CSKA Moscow,1:01,LW,28,0:01,Left-footed shot,Fabio CoentrÃ£o
11-Dec,LaLiga,25,2/26/12,A,Real Madrid,Rayo Vallecano,0:01,LW,53,0:01,Right-footed shot,
11-Dec,LaLiga,26,03-04-12,H,Real Madrid,RCD Espanyol Barcelona,5:00,LW,23,1:00,Left-footed shot,Gonzalo Higuain
11-Dec,LaLiga,27,03-10-12,A,Real Madrid,Real Betis Balompie,2:03,LW,52,1:02,Left-footed shot,Marcelo
11-Dec,LaLiga,27,03-10-12,A,Real Madrid,Real Betis Balompie,2:03,LW,73,2:03,Left-footed shot,
11-Dec,UEFA Champions League,last 16,3/14/12,H,Real Madrid,CSKA Moscow,4:01,LW,55,2:00,Right-footed shot,Sergio Ramos
11-Dec,UEFA Champions League,last 16,3/14/12,H,Real Madrid,CSKA Moscow,4:01,LW,90+4,4:01,Right-footed shot,Karim Benzema
11-Dec,LaLiga,29,3/21/12,A,Real Madrid,Villarreal CF,1:01,LW,61,0:01,Right-footed shot,Mesut Ozil
11-Dec,LaLiga,30,3/24/12,H,Real Madrid,Real Sociedad,5:01,LW,32,2:00,Right-footed shot,Kaka
11-Dec,LaLiga,30,3/24/12,H,Real Madrid,Real Sociedad,5:01,LW,55,5:01,Right-footed shot,Gonzalo Higuain
11-Dec,LaLiga,31,3/31/12,A,Real Madrid,CA Osasuna,1:05,LW,37,0:02,Long distance kick,Xabi Alonso
11-Dec,LaLiga,31,3/31/12,A,Real Madrid,CA Osasuna,1:05,LW,70,1:04,Direct free kick,
11-Dec,UEFA Champions League,Quarter-Finals,04-04-12,H,Real Madrid,APOEL Nicosia,5:02,LW,26,1:00,Right-footed shot,Marcelo
11-Dec,UEFA Champions League,Quarter-Finals,04-04-12,H,Real Madrid,APOEL Nicosia,5:02,LW,75,3:01,Direct free kick,
11-Dec,LaLiga,33,04-11-12,A,Real Madrid,Atletico de Madrid,1:04,LW,24,0:01,Direct free kick,
11-Dec,LaLiga,33,04-11-12,A,Real Madrid,Atletico de Madrid,1:04,LW,67,1:02,Long distance kick,
11-Dec,LaLiga,33,04-11-12,A,Real Madrid,Atletico de Madrid,1:04,LW,82,1:03,Penalty,
11-Dec,LaLiga,34,4/14/12,H,Real Madrid,Sporting GijÃ³n,3:01,LW,74,2:01,Header,Angel Di Maria
11-Dec,LaLiga,35,4/21/12,A,Real Madrid,FC Barcelona,1:02,LW,73,1:02,Right-footed shot,Mesut Ozil
11-Dec,UEFA Champions League,Semi-Finals,4/25/12,H,Real Madrid,Bayern Munich,3:4 on pens,LW,6,1:00,Penalty,
11-Dec,UEFA Champions League,Semi-Finals,4/25/12,H,Real Madrid,Bayern Munich,3:4 on pens,LW,14,2:00,Right-footed shot,Mesut Ozil
11-Dec,LaLiga,36,4/29/12,H,Real Madrid,Sevilla FC,3:00,LW,19,1:00,Right-footed shot,Karim Benzema
11-Dec,LaLiga,20,05-02-12,A,Real Madrid,Athletic Bilbao,0:03,LW,49,0:03,Header,Xabi Alonso
11-Dec,LaLiga,37,05-05-12,A,Real Madrid,Granada CF,1:02,LW,81,1:01,Penalty,
11-Dec,LaLiga,38,5/13/12,H,Real Madrid,RCD Mallorca,4:01,LW,18,1:00,Header,Marcelo
Dec-13,Supercopa,final,8/23/12,A,Real Madrid,FC Barcelona,3:02,LW,55,0:01,Header,Mesut Ozil
Dec-13,Supercopa,final,8/29/12,H,Real Madrid,FC Barcelona,2:01,LW,19,2:00,Right-footed shot,Sami Khedira
Dec-13,LaLiga,3,09-02-12,H,Real Madrid,Granada CF,3:00,LW,25,1:00,Right-footed shot,Jose CallejÃ³n
Dec-13,LaLiga,3,09-02-12,H,Real Madrid,Granada CF,3:00,LW,53,2:00,Left-footed shot,
Dec-13,UEFA Champions League,Group Stage,9/18/12,H,Real Madrid,Manchester City,3:02,LW,90,3:02,Right-footed shot,Marcelo
Dec-13,LaLiga,5,9/24/12,A,Real Madrid,Rayo Vallecano,0:02,LW,69,0:02,Penalty,
Dec-13,LaLiga,6,9/30/12,H,Real Madrid,Deportivo de La CoruÃ±a,5:01,LW,23,1:01,Penalty,
Dec-13,LaLiga,6,9/30/12,H,Real Madrid,Deportivo de La CoruÃ±a,5:01,LW,44,3:01,Header,Sergio Ramos
Dec-13,LaLiga,6,9/30/12,H,Real Madrid,Deportivo de La CoruÃ±a,5:01,LW,84,5:01,Penalty,
Dec-13,UEFA Champions League,Group Stage,10-03-12,A,Real Madrid,Ajax Amsterdam,1:04,LW,42,0:01,Right-footed shot,Karim Benzema
Dec-13,UEFA Champions League,Group Stage,10-03-12,A,Real Madrid,Ajax Amsterdam,1:04,LW,79,1:03,Right-footed shot,Karim Benzema
Dec-13,UEFA Champions League,Group Stage,10-03-12,A,Real Madrid,Ajax Amsterdam,1:04,LW,81,1:04,Left-footed shot,Sami Khedira
Dec-13,LaLiga,7,10-07-12,A,Real Madrid,FC Barcelona,2:02,LW,22,0:01,Left-footed shot,Karim Benzema
Dec-13,LaLiga,7,10-07-12,A,Real Madrid,FC Barcelona,2:02,LW,66,2:02,Right-footed shot,Mesut Ozil
Dec-13,LaLiga,8,10/20/12,H,Real Madrid,Celta de Vigo,2:00,LW,67,2:00,Penalty,
Dec-13,UEFA Champions League,Group Stage,10/24/12,A,Real Madrid,Borussia Dortmund,2:01,LW,38,1:01,Right-footed shot,Mesut Ozil
Dec-13,LaLiga,9,10/28/12,A,Real Madrid,RCD Mallorca,0:05,LW,22,0:02,Right-footed shot,Gonzalo Higuain
Dec-13,LaLiga,9,10/28/12,A,Real Madrid,RCD Mallorca,0:05,LW,73,0:04,Right-footed shot,Gonzalo Higuain
Dec-13,LaLiga,11,11-11-12,A,Real Madrid,Levante UD,1:02,CF,20,0:01,Right-footed shot,
Dec-13,LaLiga,14,12-01-12,H,Real Madrid,Atletico de Madrid,2:00,LW,16,1:00,Direct free kick,
Dec-13,UEFA Champions League,Group Stage,12-04-12,H,Real Madrid,Ajax Amsterdam,4:01,LW,13,1:00,Right-footed shot,Karim Benzema
Dec-13,Copa del Rey,last 16,12-12-12,A,Real Madrid,Celta de Vigo,2:01,LW,87,2:01,Left-footed shot,Xabi Alonso
Dec-13,LaLiga,16,12/16/12,H,Real Madrid,RCD Espanyol Barcelona,2:02,CF,45,1:01,Right-footed shot,Sami Khedira
Dec-13,LaLiga,18,01-06-13,H,Real Madrid,Real Sociedad,4:03,LW ,67,3:02,Left-footed shot,Karim Benzema
Dec-13,LaLiga,18,01-06-13,H,Real Madrid,Real Sociedad,4:03,LW ,70,4:02,Direct free kick,
Dec-13,Copa del Rey,last 16,01-09-13,H,Real Madrid,Celta de Vigo,4:00,LW,2,1:00,Right-footed shot,alvaro Arbeloa
Dec-13,Copa del Rey,last 16,01-09-13,H,Real Madrid,Celta de Vigo,4:00,LW,24,2:00,Left-footed shot,Luka Modric
Dec-13,Copa del Rey,last 16,01-09-13,H,Real Madrid,Celta de Vigo,4:00,LW,87,3:00,Left-footed shot,Gonzalo Higuain
Dec-13,LaLiga,20,1/20/13,A,Real Madrid,Valencia CF,0:05,LW,35,0:03,Left-footed shot,Fabio CoentrÃ£o
Dec-13,LaLiga,20,1/20/13,A,Real Madrid,Valencia CF,0:05,LW,41,0:04,Right-footed shot,Mesut Ozil
Dec-13,LaLiga,21,1/27/13,H,Real Madrid,Getafe CF,4:00,LW,62,2:00,Left-footed shot,Mesut Ozil
Dec-13,LaLiga,21,1/27/13,H,Real Madrid,Getafe CF,4:00,LW,65,3:00,Header,Angel Di Maria
Dec-13,LaLiga,21,1/27/13,H,Real Madrid,Getafe CF,4:00,LW,72,4:00,Penalty,
Dec-13,LaLiga,23,02-09-13,H,Real Madrid,Sevilla FC,4:01,LW,26,2:00,Left-footed shot,Kaka
Dec-13,LaLiga,23,02-09-13,H,Real Madrid,Sevilla FC,4:01,LW,46,3:00,Left-footed shot,alvaro Arbeloa
Dec-13,LaLiga,23,02-09-13,H,Real Madrid,Sevilla FC,4:01,LW,59,4:00,Right-footed shot,Gonzalo Higuain
Dec-13,UEFA Champions League,last 16,2/13/13,H,Real Madrid,Manchester United,1:01,LW,30,1:01,Header,Angel Di Maria
Dec-13,Copa del Rey,Semi-Finals,2/26/13,A,Real Madrid,FC Barcelona,1:03,LW,12,0:01,Penalty,
Dec-13,Copa del Rey,Semi-Finals,2/26/13,A,Real Madrid,FC Barcelona,1:03,LW,57,0:02,Left-footed shot,
Dec-13,UEFA Champions League,last 16,03-05-13,A,Real Madrid,Manchester United,1:02,LW,69,1:02,Right-footed shot,Gonzalo Higuain
Dec-13,LaLiga,27,03-10-13,A,Real Madrid,Celta de Vigo,1:02,LW,61,0:01,Left-footed shot,Jose CallejÃ³n
Dec-13,LaLiga,27,03-10-13,A,Real Madrid,Celta de Vigo,1:02,LW,71,1:02,Penalty,
Dec-13,LaLiga,28,3/16/13,H,Real Madrid,RCD Mallorca,5:02,LW,52,2:02,Header,Mesut Ozil
Dec-13,LaLiga,29,3/30/13,A,Real Madrid,Real Zaragoza,1:01,LW,38,1:01,Long distance kick,
Dec-13,UEFA Champions League,Quarter-Finals,04-03-13,H,Real Madrid,Galatasaray,3:00,LW,9,1:00,Left-footed shot,Mesut Ozil
Dec-13,LaLiga,30,04-06-13,H,Real Madrid,Levante UD,5:01,CF,84,3:01,Right-footed shot,Gonzalo Higuain
Dec-13,UEFA Champions League,Quarter-Finals,04-09-13,A,Real Madrid,Galatasaray,3:02,LW,8,0:01,Right-footed shot,Sami Khedira
Dec-13,UEFA Champions League,Quarter-Finals,04-09-13,A,Real Madrid,Galatasaray,3:02,LW,90+2,3:02,Right-footed shot,Karim Benzema
Dec-13,LaLiga,31,4/14/13,A,Real Madrid,Athletic Bilbao,0:03,LW,2,0:01,Direct free kick,
Dec-13,LaLiga,31,4/14/13,A,Real Madrid,Athletic Bilbao,0:03,LW,68,0:02,Header,Xabi Alonso
Dec-13,UEFA Champions League,Semi-Finals,4/24/13,A,Real Madrid,Borussia Dortmund,4:01,LW,43,1:01,Right-footed shot,Gonzalo Higuain
Dec-13,LaLiga,34,05-04-13,H,Real Madrid,Real Valladolid CF,4:03,LW,32,2:01,Header,Angel Di Maria
Dec-13,LaLiga,34,05-04-13,H,Real Madrid,Real Valladolid CF,4:03,LW,70,4:02,Header,Mesut Ozil
Dec-13,LaLiga,36,05-08-13,H,Real Madrid,Malaga CF,6:02,LW ,26,2:01,Right-footed shot,Xabi Alonso
Dec-13,Copa del Rey,Final,5/17/13,A,Real Madrid,Atletico de Madrid,2:1 AET,LW,14,0:01,Header,Luka Modric
13/14,LaLiga,3,09-01-13,H,Real Madrid,Athletic Bilbao,3:01,LW,45,2:00,Header,Angel Di Maria
13/14,LaLiga,4,9/14/13,A,Real Madrid,Villarreal CF,2:02,LW,64,1:02,Right-footed shot,
13/14,UEFA Champions League,Group Stage,9/17/13,A,Real Madrid,Galatasaray,1:06,LW,63,0:03,Left-footed shot,Isco
13/14,UEFA Champions League,Group Stage,9/17/13,A,Real Madrid,Galatasaray,1:06,LW,66,0:04,Tap-in,Sergio Ramos
13/14,UEFA Champions League,Group Stage,9/17/13,A,Real Madrid,Galatasaray,1:06,LW,90,1:06,Left-footed shot,Karim Benzema
13/14,LaLiga,5,9/22/13,H,Real Madrid,Getafe CF,4:01,LW,34,2:01,Penalty,
13/14,LaLiga,5,9/22/13,H,Real Madrid,Getafe CF,4:01,LW,90,4:01,Right-footed shot,Sami Khedira
13/14,LaLiga,6,9/25/13,A,Real Madrid,Elche CF,1:02,LW,51,0:01,Direct free kick,
13/14,LaLiga,6,9/25/13,A,Real Madrid,Elche CF,1:02,LW,90+6,1:02,Penalty,
13/14,UEFA Champions League,Group Stage,10-02-13,H,Real Madrid,FC Copenhagen,4:00,LW,21,1:00,Header,Marcelo
13/14,UEFA Champions League,Group Stage,10-02-13,H,Real Madrid,FC Copenhagen,4:00,LW,65,2:00,Header,Angel Di Maria
13/14,LaLiga,8,10-05-13,A,Real Madrid,Levante UD,2:03,LW,90+4,2:03,Right-footed shot,Luka Modric
13/14,LaLiga,9,10/19/13,H,Real Madrid,Malaga CF,2:00,LW,90+1,2:00,Penalty,
13/14,UEFA Champions League,Group Stage,10/23/13,H,Real Madrid,Juventus FC,2:01,LW,4,1:00,Right-footed shot,Angel Di Maria
13/14,UEFA Champions League,Group Stage,10/23/13,H,Real Madrid,Juventus FC,2:01,LW,29,2:01,Penalty,
13/14,LaLiga,11,10/30/13,H,Real Madrid,Sevilla FC,7:03,LW,31,3:00,Penalty,
13/14,LaLiga,11,10/30/13,H,Real Madrid,Sevilla FC,7:03,LW,60,5:02,Right-footed shot,Gareth Bale
13/14,LaLiga,11,10/30/13,H,Real Madrid,Sevilla FC,7:03,LW,71,6:03,Right-footed shot,Karim Benzema
13/14,LaLiga,12,11-02-13,A,Real Madrid,Rayo Vallecano,2:03,LW,3,0:01,Right-footed shot,Luka Modric
13/14,LaLiga,12,11-02-13,A,Real Madrid,Rayo Vallecano,2:03,LW,48,0:03,Right-footed shot,Gareth Bale
13/14,UEFA Champions League,Group Stage,11-05-13,A,Real Madrid,Juventus FC,2:02,LW,52,1:01,Right-footed shot,Karim Benzema
13/14,LaLiga,13,11-09-13,H,Real Madrid,Real Sociedad,5:01,LW,12,1:00,Right-footed shot,Karim Benzema
13/14,LaLiga,13,11-09-13,H,Real Madrid,Real Sociedad,5:01,LW,27,3:00,Penalty,
13/14,LaLiga,13,11-09-13,H,Real Madrid,Real Sociedad,5:01,LW,76,5:01,Direct free kick,
13/14,LaLiga,14,11/23/13,A,Real Madrid,UD Almeria,0:05,LW,3,0:01,Left-footed shot,Isco
13/14,UEFA Champions League,Group Stage,12-10-13,A,Real Madrid,FC Copenhagen,0:02,LW,48,0:02,Right-footed shot,Pepe
13/14,LaLiga,17,12/22/13,A,Real Madrid,Valencia CF,2:03,LW,40,1:02,Header,Angel Di Maria
13/14,LaLiga,18,01-06-14,H,Real Madrid,Celta de Vigo,3:00,LW,82,2:00,Right-footed shot,Daniel Carvajal
13/14,LaLiga,18,01-06-14,H,Real Madrid,Celta de Vigo,3:00,LW,90,3:00,Right-footed shot,Gareth Bale
13/14,Copa del Rey,last 16,1/15/14,A,Real Madrid,CA Osasuna,0:02,LW,22,0:01,Direct free kick,
13/14,LaLiga,20,1/18/14,A,Real Madrid,Real Betis Balompie,0:05,LW,10,0:01,Right-footed shot,Angel Di Maria
13/14,LaLiga,21,1/25/14,H,Real Madrid,Granada CF,2:00,LW,57,1:00,Right-footed shot,Luka Modric
13/14,Copa del Rey,Semi-Finals,02-11-14,A,Real Madrid,Atletico de Madrid,0:02,LW,6,0:01,Penalty,
13/14,Copa del Rey,Semi-Finals,02-11-14,A,Real Madrid,Atletico de Madrid,0:02,LW,15,0:02,Penalty,
13/14,UEFA Champions League,last 16,2/26/14,A,Real Madrid,FC Schalke 04,1:06,LW,52,0:03,Left-footed shot,Gareth Bale
13/14,UEFA Champions League,last 16,2/26/14,A,Real Madrid,FC Schalke 04,1:06,LW,89,0:06,Right-footed shot,Karim Benzema
13/14,LaLiga,26,03-02-14,A,Real Madrid,Atletico de Madrid,2:02,LW,82,2:02,Right-footed shot,Gareth Bale
13/14,LaLiga,27,03-09-14,H,Real Madrid,Levante UD,3:00,LW,11,1:00,Header,Angel Di Maria
13/14,LaLiga,28,3/15/14,A,Real Madrid,Malaga CF,0:01,LW,23,0:01,Right-footed shot,Gareth Bale
13/14,UEFA Champions League,last 16,3/18/14,H,Real Madrid,FC Schalke 04,3:01,LW,22,1:00,Right-footed shot,Gareth Bale
13/14,UEFA Champions League,last 16,3/18/14,H,Real Madrid,FC Schalke 04,3:01,LW,74,2:01,Right-footed shot,
13/14,LaLiga,29,3/23/14,H,Real Madrid,FC Barcelona,3:04,LW,55,3:02,Penalty,
13/14,LaLiga,30,3/26/14,A,Real Madrid,Sevilla FC,2:01,LW,14,0:01,Direct free kick,
13/14,LaLiga,31,3/29/14,H,Real Madrid,Rayo Vallecano,5:00,LW,15,1:00,Right-footed shot,Gareth Bale
13/14,UEFA Champions League,Quarter-Finals,04-02-14,H,Real Madrid,Borussia Dortmund,3:00,LW,57,3:00,Left-footed shot,Luka Modric
13/14,LaLiga,35,4/26/14,H,Real Madrid,CA Osasuna,4:00,LW,6,1:00,Long distance kick,Angel Di Maria
13/14,LaLiga,35,4/26/14,H,Real Madrid,CA Osasuna,4:00,LW,52,2:00,Long distance kick,Isco
13/14,UEFA Champions League,Semi-Finals,4/29/14,A,Real Madrid,Bayern Munich,0:04,LW,34,0:03,Counter attack goal,Gareth Bale
13/14,UEFA Champions League,Semi-Finals,4/29/14,A,Real Madrid,Bayern Munich,0:04,LW,90,0:04,Direct free kick,
13/14,LaLiga,36,05-04-14,H,Real Madrid,Valencia CF,2:02,LW,90,2:02,Right-footed shot,Angel Di Maria
13/14,UEFA Champions League,Final,5/24/14,H,Real Madrid,Atletico de Madrid,4:1 AET,LW,120,4:01,Penalty,
14/15,UEFA Super Cup,Final,08-12-14,H,Real Madrid,Sevilla FC,2:00,LW,30,1:00,Right-footed shot,Gareth Bale
14/15,UEFA Super Cup,Final,08-12-14,H,Real Madrid,Sevilla FC,2:00,LW,49,2:00,Left-footed shot,Karim Benzema
14/15,LaLiga,1,8/25/14,H,Real Madrid,CÃ³rdoba CF,2:00,LW,90,2:00,Right-footed shot,Isco
14/15,LaLiga,3,9/13/14,H,Real Madrid,Atletico de Madrid,1:02,LW,25,1:01,Penalty,
14/15,UEFA Champions League,Group Stage,9/16/14,H,Real Madrid,FC Basel 1893,5:01,LW,31,3:00,Right-footed shot,Gareth Bale
14/15,LaLiga,4,9/20/14,A,Real Madrid,Deportivo de La CoruÃ±a,2:08,RW,29,0:01,Header,alvaro Arbeloa
14/15,LaLiga,4,9/20/14,A,Real Madrid,Deportivo de La CoruÃ±a,2:08,RW,41,0:03,Left-footed shot,Karim Benzema
14/15,LaLiga,4,9/20/14,A,Real Madrid,Deportivo de La CoruÃ±a,2:08,RW,78,1:06,Left-footed shot,James Rodriguez
14/15,LaLiga,5,9/23/14,H,Real Madrid,Elche CF,5:01,CF,28,2:01,Penalty,
14/15,LaLiga,5,9/23/14,H,Real Madrid,Elche CF,5:01,CF,32,3:01,Header,Marcelo
14/15,LaLiga,5,9/23/14,H,Real Madrid,Elche CF,5:01,CF,80,4:01,Penalty,
14/15,LaLiga,5,9/23/14,H,Real Madrid,Elche CF,5:01,CF,90,5:01,Right-footed shot,Gareth Bale
14/15,LaLiga,6,9/27/14,A,Real Madrid,Villarreal CF,0:02,CF,40,0:02,Right-footed shot,Karim Benzema
14/15,UEFA Champions League,Group Stage,10-01-14,A,Real Madrid,Ludogorets Razgrad,1:02,CF,25,1:01,Penalty,
14/15,LaLiga,7,10-05-14,H,Real Madrid,Athletic Bilbao,5:00,LW,3,1:00,Header,Gareth Bale
14/15,LaLiga,7,10-05-14,H,Real Madrid,Athletic Bilbao,5:00,LW,55,3:00,Right-footed shot,Gareth Bale
14/15,LaLiga,7,10-05-14,H,Real Madrid,Athletic Bilbao,5:00,LW,89,5:00,Deflected shot on goal,Pepe
14/15,LaLiga,8,10/18/14,A,Real Madrid,Levante UD,0:05,CF,13,0:01,Penalty,
14/15,LaLiga,8,10/18/14,A,Real Madrid,Levante UD,0:05,CF,61,0:03,Right-footed shot,Isco
14/15,UEFA Champions League,Group Stage,10/22/14,A,Real Madrid,Liverpool FC,0:03,CF,23,0:01,Right-footed shot,James Rodriguez
14/15,LaLiga,9,10/25/14,H,Real Madrid,FC Barcelona,3:01,CF,35,1:01,Penalty,
14/15,LaLiga,10,11-01-14,A,Real Madrid,Granada CF,0:04,CF,2,0:01,Right-footed shot,Karim Benzema
14/15,LaLiga,11,11-08-14,H,Real Madrid,Rayo Vallecano,5:01,CF,83,5:01,Right-footed shot,Isco
14/15,LaLiga,12,11/22/14,A,Real Madrid,SD Eibar,0:04,CF,43,0:02,Right-footed shot,Daniel Carvajal
14/15,LaLiga,12,11/22/14,A,Real Madrid,SD Eibar,0:04,CF,83,0:04,Penalty,
14/15,UEFA Champions League,Group Stage,11/26/14,A,Real Madrid,FC Basel 1893,0:01,LW,35,0:01,Left-footed shot,Karim Benzema
14/15,LaLiga,14,12-06-14,H,Real Madrid,Celta de Vigo,3:00,CF,36,1:00,Penalty,
14/15,LaLiga,14,12-06-14,H,Real Madrid,Celta de Vigo,3:00,CF,65,2:00,Right-footed shot,
14/15,LaLiga,14,12-06-14,H,Real Madrid,Celta de Vigo,3:00,CF,81,3:00,Left-footed shot,Marcelo
14/15,UEFA Champions League,Group Stage,12-09-14,H,Real Madrid,Ludogorets Razgrad,4:00,CF ,20,1:00,Penalty,
14/15,LaLiga,15,12-12-14,A,Real Madrid,UD Almeria,1:04,CF,81,1:03,Right-footed shot,Karim Benzema
14/15,LaLiga,15,12-12-14,A,Real Madrid,UD Almeria,1:04,CF,89,1:04,Right-footed shot,Daniel Carvajal
14/15,LaLiga,17,01-04-15,A,Real Madrid,Valencia CF,2:01,LW,14,0:01,Penalty,
14/15,Copa del Rey,last 16,1/15/15,H,Real Madrid,Atletico de Madrid,2:02,CF,54,2:02,Header,Gareth Bale
14/15,LaLiga,19,1/18/15,A,Real Madrid,Getafe CF,0:03,LW,63,0:01,Left-footed shot,Karim Benzema
14/15,LaLiga,19,1/18/15,A,Real Madrid,Getafe CF,0:03,LW,79,0:03,Header,James Rodriguez
14/15,UEFA Champions League,last 16,2/18/15,A,Real Madrid,FC Schalke 04,0:02,LW,26,0:01,Header,Daniel Carvajal
14/15,LaLiga,24,2/22/15,A,Real Madrid,Elche CF,0:02,CF,69,0:02,Header,Isco
14/15,LaLiga,25,03-01-15,H,Real Madrid,Villarreal CF,1:01,CF,52,1:00,Penalty,
14/15,UEFA Champions League,last 16,03-10-15,H,Real Madrid,FC Schalke 04,3:04,CF,25,1:01,Header,Toni Kroos
14/15,UEFA Champions League,last 16,03-10-15,H,Real Madrid,FC Schalke 04,3:04,CF,45,2:02,Header,Fabio CoentrÃ£o
14/15,LaLiga,28,3/22/15,A,Real Madrid,FC Barcelona,2:01,LW,31,1:01,Right-footed shot,Karim Benzema
14/15,LaLiga,29,04-05-15,H,Real Madrid,Granada CF,9:01,CF,30,2:00,Right-footed shot,James Rodriguez
14/15,LaLiga,29,04-05-15,H,Real Madrid,Granada CF,9:01,CF,36,3:00,Right-footed shot,
14/15,LaLiga,29,04-05-15,H,Real Madrid,Granada CF,9:01,CF,38,4:00,Long distance kick,Gareth Bale
14/15,LaLiga,29,04-05-15,H,Real Madrid,Granada CF,9:01,CF,54,6:00,Header,Gareth Bale
14/15,LaLiga,29,04-05-15,H,Real Madrid,Granada CF,9:01,CF,90,9:01,Header,Luka Modric
14/15,LaLiga,30,04-08-15,A,Real Madrid,Rayo Vallecano,0:02,LW,68,0:01,Header,Daniel Carvajal
14/15,LaLiga,31,04-11-15,H,Real Madrid,SD Eibar,3:00,LW,21,1:00,Direct free kick,
14/15,LaLiga,32,4/18/15,H,Real Madrid,Malaga CF,3:01,CF,90+2,3:01,Left-footed shot,Chicharito
14/15,LaLiga,35,05-02-15,A,Real Madrid,Sevilla FC,2:03,CF,36,0:01,Header,Isco
14/15,LaLiga,35,05-02-15,A,Real Madrid,Sevilla FC,2:03,CF,37,0:02,Right-footed shot,Chicharito
14/15,LaLiga,35,05-02-15,A,Real Madrid,Sevilla FC,2:03,CF,69,1:03,Header,Gareth Bale
14/15,UEFA Champions League,Semi-Finals,05-05-15,A,Real Madrid,Juventus FC,2:01,CF,27,1:01,Header,James Rodriguez
14/15,UEFA Champions League,Semi-Finals,5/13/15,H,Real Madrid,Juventus FC,1:01,LW,23,1:00,Penalty,
14/15,LaLiga,37,5/17/15,A,Real Madrid,RCD Espanyol Barcelona,1:04,LW,59,0:01,Left-footed shot,Karim Benzema
14/15,LaLiga,37,5/17/15,A,Real Madrid,RCD Espanyol Barcelona,1:04,LW,83,1:03,Right-footed shot,Chicharito
14/15,LaLiga,37,5/17/15,A,Real Madrid,RCD Espanyol Barcelona,1:04,LW,90+1,1:04,Header,James Rodriguez
14/15,LaLiga,38,5/23/15,H,Real Madrid,Getafe CF,7:03,LW,13,1:00,Header,Marcelo
14/15,LaLiga,38,5/23/15,H,Real Madrid,Getafe CF,7:03,LW,32,2:02,Direct free kick,
14/15,LaLiga,38,5/23/15,H,Real Madrid,Getafe CF,7:03,LW,34,3:02,Penalty,
15/16,LaLiga,3,09-12-15,A,Real Madrid,RCD Espanyol Barcelona,0:06,LW,7,0:01,Right-footed shot,Luka Modric
15/16,LaLiga,3,09-12-15,A,Real Madrid,RCD Espanyol Barcelona,0:06,LW,17,0:02,Penalty,
15/16,LaLiga,3,09-12-15,A,Real Madrid,RCD Espanyol Barcelona,0:06,LW,20,0:03,Left-footed shot,Gareth Bale
15/16,LaLiga,3,09-12-15,A,Real Madrid,RCD Espanyol Barcelona,0:06,LW,62,0:05,Right-footed shot,Gareth Bale
15/16,LaLiga,3,09-12-15,A,Real Madrid,RCD Espanyol Barcelona,0:06,LW,81,0:06,Right-footed shot,Lucas Vazquez
15/16,UEFA Champions League,Group Stage,9/15/15,H,Real Madrid,Shakhtar Donetsk,4:00,LW,56,2:00,Penalty,
15/16,UEFA Champions League,Group Stage,9/15/15,H,Real Madrid,Shakhtar Donetsk,4:00,LW,64,3:00,Penalty,
15/16,UEFA Champions League,Group Stage,9/15/15,H,Real Madrid,Shakhtar Donetsk,4:00,LW,82,4:00,Header,
15/16,UEFA Champions League,Group Stage,9/30/15,A,Real Madrid,MalmÃ¶ FF,0:02,LW ,29,0:01,Right-footed shot,Isco
15/16,UEFA Champions League,Group Stage,9/30/15,A,Real Madrid,MalmÃ¶ FF,0:02,LW ,90,0:02,Left-footed shot,Lucas Vazquez
15/16,LaLiga,8,10/17/15,H,Real Madrid,Levante UD,3:00,CF,30,2:00,Right-footed shot,Toni Kroos
15/16,LaLiga,9,10/24/15,A,Real Madrid,Celta de Vigo,1:03,CF,8,0:01,Right-footed shot,Lucas Vazquez
15/16,LaLiga,10,10/31/15,H,Real Madrid,UD Las Palmas,3:01,CF,14,2:00,Header,Marcelo
15/16,UEFA Champions League,Group Stage,11/25/15,A,Real Madrid,Shakhtar Donetsk,3:04,CF,18,0:01,Header,Gareth Bale
15/16,UEFA Champions League,Group Stage,11/25/15,A,Real Madrid,Shakhtar Donetsk,3:04,CF,70,0:04,Right-footed shot,Gareth Bale
15/16,LaLiga,13,11/29/15,A,Real Madrid,SD Eibar,0:02,CF,82,0:02,Penalty,
15/16,LaLiga,14,12-05-15,H,Real Madrid,Getafe CF,4:01,LW,38,4:00,Right-footed shot,Toni Kroos
15/16,UEFA Champions League,Group Stage,12-08-15,H,Real Madrid,MalmÃ¶ FF,8:00,LW,39,3:00,Direct free kick,
15/16,UEFA Champions League,Group Stage,12-08-15,H,Real Madrid,MalmÃ¶ FF,8:00,LW,47,4:00,Tap-in,
15/16,UEFA Champions League,Group Stage,12-08-15,H,Real Madrid,MalmÃ¶ FF,8:00,LW,50,5:00,Right-footed shot,Danilo
15/16,UEFA Champions League,Group Stage,12-08-15,H,Real Madrid,MalmÃ¶ FF,8:00,LW,59,6:00,Right-footed shot,Isco
15/16,LaLiga,16,12/20/15,H,Real Madrid,Rayo Vallecano,10:02,LW,30,3:02,Penalty,
15/16,LaLiga,16,12/20/15,H,Real Madrid,Rayo Vallecano,10:02,LW,54,6:02,Header,James Rodriguez
15/16,LaLiga,17,12/30/15,H,Real Madrid,Real Sociedad,3:01,LW,42,1:00,Penalty,
15/16,LaLiga,17,12/30/15,H,Real Madrid,Real Sociedad,3:01,LW,68,2:01,Left-footed shot,Marcelo
15/16,LaLiga,20,1/17/16,H,Real Madrid,Sporting GijÃ³n,5:01,LW,9,2:00,Left-footed shot,Karim Benzema
15/16,LaLiga,20,1/17/16,H,Real Madrid,Sporting GijÃ³n,5:01,LW,18,4:00,Left-footed shot,Daniel Carvajal
15/16,LaLiga,22,1/31/16,H,Real Madrid,RCD Espanyol Barcelona,6:00,LW,12,2:00,Penalty,
15/16,LaLiga,22,1/31/16,H,Real Madrid,RCD Espanyol Barcelona,6:00,LW,45,4:00,Left-footed shot,
15/16,LaLiga,22,1/31/16,H,Real Madrid,RCD Espanyol Barcelona,6:00,LW,82,5:00,Header,Jese
15/16,LaLiga,24,2/13/16,H,Real Madrid,Athletic Bilbao,4:02,LW,3,1:00,Right-footed shot,Karim Benzema
15/16,LaLiga,24,2/13/16,H,Real Madrid,Athletic Bilbao,4:02,LW,87,4:01,Right-footed shot,Lucas Vazquez
15/16,UEFA Champions League,last 16,2/17/16,A,Real Madrid,AS Roma,0:02,LW,57,0:01,Right-footed shot,Marcelo
15/16,LaLiga,25,2/21/16,A,Real Madrid,Malaga CF,1:01,LW,33,0:01,Header,Toni Kroos
15/16,LaLiga,27,03-02-16,A,Real Madrid,Levante UD,1:03,LW,34,0:01,Penalty,
15/16,LaLiga,28,03-05-16,H,Real Madrid,Celta de Vigo,7:01,LW,50,2:00,Long distance kick,Sergio Ramos
15/16,LaLiga,28,03-05-16,H,Real Madrid,Celta de Vigo,7:01,LW,58,3:00,Direct free kick,
15/16,LaLiga,28,03-05-16,H,Real Madrid,Celta de Vigo,7:01,LW,64,4:01,Right-footed shot,Isco
15/16,LaLiga,28,03-05-16,H,Real Madrid,Celta de Vigo,7:01,LW,76,5:01,Header,Jese
15/16,UEFA Champions League,last 16,03-08-16,H,Real Madrid,AS Roma,2:00,CF,64,1:00,Right-footed shot,Lucas Vazquez
15/16,LaLiga,30,3/20/16,H,Real Madrid,Sevilla FC,4:00,LW,64,2:00,Left-footed shot,Danilo
15/16,LaLiga,31,04-02-16,A,Real Madrid,FC Barcelona,1:02,LW,85,1:02,Right-footed shot,Gareth Bale
15/16,LaLiga,32,04-09-16,H,Real Madrid,SD Eibar,4:00,CF,19,3:00,Right-footed shot,Jese
15/16,UEFA Champions League,Quarter-Finals,04-12-16,H,Real Madrid,VfL Wolfsburg,3:00,LW,16,1:00,Right-footed shot,Daniel Carvajal
15/16,UEFA Champions League,Quarter-Finals,04-12-16,H,Real Madrid,VfL Wolfsburg,3:00,LW,17,2:00,Header,Toni Kroos
15/16,UEFA Champions League,Quarter-Finals,04-12-16,H,Real Madrid,VfL Wolfsburg,3:00,LW,77,3:00,Direct free kick,
15/16,LaLiga,33,4/16/16,A,Real Madrid,Getafe CF,1:05,LW,90+2,1:05,Left-footed shot,Jese
15/16,LaLiga,37,05-08-16,H,Real Madrid,Valencia CF,3:02,LW,26,1:00,Right-footed shot,Marcelo
15/16,LaLiga,37,05-08-16,H,Real Madrid,Valencia CF,3:02,LW,59,3:01,Left-footed shot,James Rodriguez
15/16,LaLiga,38,5/14/16,A,Real Madrid,Deportivo de La CoruÃ±a,0:02,LW,8,0:01,Left-footed shot,Karim Benzema
15/16,LaLiga,38,5/14/16,A,Real Madrid,Deportivo de La CoruÃ±a,0:02,LW,25,0:02,Header,Toni Kroos
16/17,LaLiga,3,09-10-16,H,Real Madrid,CA Osasuna,5:02,LW,6,1:00,Right-footed shot,Gareth Bale
16/17,UEFA Champions League,Group Stage,9/14/16,H,Real Madrid,Sporting CP,2:01,LW,89,1:01,Direct free kick,
16/17,UEFA Champions League,Group Stage,9/27/16,A,Real Madrid,Borussia Dortmund,2:02,LW,17,0:01,Right-footed shot,Gareth Bale
16/17,LaLiga,8,10/15/16,A,Real Madrid,Real Betis Balompie,1:06,LW,78,1:06,Right-footed shot,alvaro Morata
16/17,LaLiga,10,10/29/16,A,Real Madrid,Deportivo Alaves,1:04,LW,17,1:01,Penalty,
16/17,LaLiga,10,10/29/16,A,Real Madrid,Deportivo Alaves,1:04,LW,33,1:02,Right-footed shot,Karim Benzema
16/17,LaLiga,10,10/29/16,A,Real Madrid,Deportivo Alaves,1:04,LW,88,1:04,Right-footed shot,Marcelo
16/17,LaLiga,12,11/19/16,A,Real Madrid,Atletico de Madrid,0:03,CF,23,0:01,Direct free kick,
16/17,LaLiga,12,11/19/16,A,Real Madrid,Atletico de Madrid,0:03,CF,71,0:02,Penalty,
16/17,LaLiga,12,11/19/16,A,Real Madrid,Atletico de Madrid,0:03,CF,77,0:03,Right-footed shot,Gareth Bale
16/17,LaLiga,13,11/26/16,H,Real Madrid,Sporting GijÃ³n,2:01,LW,5,1:00,Penalty,
16/17,LaLiga,13,11/26/16,H,Real Madrid,Sporting GijÃ³n,2:01,LW,18,2:00,Header,Nacho Fernandez
16/17,FIFA Club World Cup,Semi-Finals,12/15/16,A,Real Madrid,CF America,0:02,LW,90+3,0:02,Right-footed shot,James Rodriguez
16/17,FIFA Club World Cup,Final,12/18/16,H,Real Madrid,Kashima Antlers,4:2 AET,LW,60,2:02,Penalty,
16/17,FIFA Club World Cup,Final,12/18/16,H,Real Madrid,Kashima Antlers,4:2 AET,LW,97,3:02,Left-footed shot,Karim Benzema
16/17,FIFA Club World Cup,Final,12/18/16,H,Real Madrid,Kashima Antlers,4:2 AET,LW,104,4:02,Left-footed shot,Toni Kroos
16/17,LaLiga,17,01-07-17,H,Real Madrid,Granada CF,5:00,LW,27,3:00,Header,Marcelo
16/17,LaLiga,18,1/15/17,A,Real Madrid,Sevilla FC,2:01,CF,67,0:01,Penalty,
16/17,Copa del Rey,Quarter-Finals,1/25/17,A,Real Madrid,Celta de Vigo,2:02,CF,62,1:01,Direct free kick,
16/17,LaLiga,20,1/29/17,H,Real Madrid,Real Sociedad,3:00,LW,51,2:00,Right-footed shot,Mateo Kovacic
16/17,LaLiga,22,02-11-17,A,Real Madrid,CA Osasuna,1:03,CF,24,0:01,Right-footed shot,Karim Benzema
16/17,LaLiga,16,2/22/17,A,Real Madrid,Valencia CF,2:01,LW,44,2:01,Header,Marcelo
16/17,LaLiga,24,2/26/17,A,Real Madrid,Villarreal CF,2:03,LW,74,2:02,Penalty,
16/17,LaLiga,25,03-01-17,H,Real Madrid,UD Las Palmas,3:03,LW,86,2:03,Penalty,
16/17,LaLiga,25,03-01-17,H,Real Madrid,UD Las Palmas,3:03,LW,89,3:03,Header,James Rodriguez
16/17,LaLiga,27,03-12-17,H,Real Madrid,Real Betis Balompie,2:01,LW,41,1:01,Header,Marcelo
16/17,UEFA Champions League,Quarter-Finals,04-12-17,A,Real Madrid,Bayern Munich,1:02,LW,47,1:01,Right-footed shot,Daniel Carvajal
16/17,UEFA Champions League,Quarter-Finals,04-12-17,A,Real Madrid,Bayern Munich,1:02,LW,77,1:02,Right-footed shot,Marco Asensio
16/17,UEFA Champions League,Quarter-Finals,4/18/17,H,Real Madrid,Bayern Munich,4:2 AET,CF,76,1:01,Header,Casemiro
16/17,UEFA Champions League,Quarter-Finals,4/18/17,H,Real Madrid,Bayern Munich,4:2 AET,CF,105,2:02,Left-footed shot,Sergio Ramos
16/17,UEFA Champions League,Quarter-Finals,4/18/17,H,Real Madrid,Bayern Munich,4:2 AET,CF,109,3:02,Right-footed shot,Marcelo
16/17,LaLiga,35,4/29/17,H,Real Madrid,Valencia CF,2:01,LW,27,1:00,Header,Daniel Carvajal
16/17,UEFA Champions League,Semi-Finals,05-02-17,H,Real Madrid,Atletico de Madrid,3:00,CF,10,1:00,Header,Casemiro
16/17,UEFA Champions League,Semi-Finals,05-02-17,H,Real Madrid,Atletico de Madrid,3:00,CF,73,2:00,Right-footed shot,Karim Benzema
16/17,UEFA Champions League,Semi-Finals,05-02-17,H,Real Madrid,Atletico de Madrid,3:00,CF,86,3:00,Right-footed shot,Lucas Vazquez
16/17,LaLiga,37,5/14/17,H,Real Madrid,Sevilla FC,4:01,LW,23,2:00,Right-footed shot,
16/17,LaLiga,37,5/14/17,H,Real Madrid,Sevilla FC,4:01,LW,78,3:01,Left-footed shot,Toni Kroos
16/17,LaLiga,21,5/17/17,A,Real Madrid,Celta de Vigo,1:04,CF,10,0:01,Left-footed shot,
16/17,LaLiga,21,5/17/17,A,Real Madrid,Celta de Vigo,1:04,CF,48,0:02,Left-footed shot,Isco
16/17,LaLiga,38,5/21/17,A,Real Madrid,Malaga CF,0:02,CF,2,0:01,Right-footed shot,Isco
16/17,UEFA Champions League,Final,06-03-17,A,Real Madrid,Juventus FC,1:04,CF,20,0:01,Right-footed shot,Daniel Carvajal
16/17,UEFA Champions League,Final,06-03-17,A,Real Madrid,Juventus FC,1:04,CF,64,1:03,Right-footed shot,Luka Modric
17/18,Supercopa,final,8/13/17,A,Real Madrid,FC Barcelona,1:03,CF,80,1:02,Right-footed shot,Isco
17/18,UEFA Champions League,Group Stage,9/13/17,H,Real Madrid,APOEL Nicosia,3:00,CF,12,1:00,Counter attack goal,Gareth Bale
17/18,UEFA Champions League,Group Stage,9/13/17,H,Real Madrid,APOEL Nicosia,3:00,CF,51,2:00,Penalty,
17/18,UEFA Champions League,Group Stage,9/26/17,A,Real Madrid,Borussia Dortmund,1:03,CF,49,0:02,Left-footed shot,Gareth Bale
17/18,UEFA Champions League,Group Stage,9/26/17,A,Real Madrid,Borussia Dortmund,1:03,CF,79,1:03,Right-footed shot,Luka Modric
17/18,LaLiga,8,10/14/17,A,Real Madrid,Getafe CF,1:02,CF,85,1:02,Right-footed shot,Isco
17/18,UEFA Champions League,Group Stage,10/17/17,H,Real Madrid,Tottenham Hotspur,1:01,LW,43,1:01,Penalty,
17/18,UEFA Champions League,Group Stage,11-01-17,A,Real Madrid,Tottenham Hotspur,3:01,LW,80,3:01,Right-footed shot,Borja Mayoral
17/18,UEFA Champions League,Group Stage,11/21/17,A,Real Madrid,APOEL Nicosia,0:06,LW,49,0:05,Header,Marcelo
17/18,UEFA Champions League,Group Stage,11/21/17,A,Real Madrid,APOEL Nicosia,0:06,LW,54,0:06,Left-footed shot,
17/18,LaLiga,13,11/25/17,H,Real Madrid,Malaga CF,3:02,CF,76,3:02,Penalty rebound,
17/18,UEFA Champions League,Group Stage,12-06-17,H,Real Madrid,Borussia Dortmund,3:02,LW,12,2:00,Right-footed shot,Mateo Kovacic
17/18,LaLiga,15,12-09-17,H,Real Madrid,Sevilla FC,5:00,CF,23,2:00,Right-footed shot,Marco Asensio
17/18,LaLiga,15,12-09-17,H,Real Madrid,Sevilla FC,5:00,CF,31,3:00,Penalty,
17/18,FIFA Club World Cup,Semi-Finals,12/13/17,A,Real Madrid,Al-Jazira (Abu Dhabi),1:02,LW,53,1:01,Right-footed shot,Luka Modric
17/18,FIFA Club World Cup,Final,12/16/17,H,Real Madrid,GrÃªmio Foot-Ball Porto Alegrense,1:00,LW,53,1:00,Direct free kick,
17/18,LaLiga,20,1/21/18,H,Real Madrid,Deportivo de La CoruÃ±a,7:01,LW,78,5:01,Left-footed shot,Casemiro
17/18,LaLiga,20,1/21/18,H,Real Madrid,Deportivo de La CoruÃ±a,7:01,LW,84,6:01,Header,Lucas Vazquez
17/18,LaLiga,21,1/27/18,A,Real Madrid,Valencia CF,1:04,LW,16,0:01,Penalty,
17/18,LaLiga,21,1/27/18,A,Real Madrid,Valencia CF,1:04,LW,38,0:02,Penalty,
17/18,LaLiga,23,02-10-18,H,Real Madrid,Real Sociedad,5:02,CF,27,2:00,Right-footed shot,Marcelo
17/18,LaLiga,23,02-10-18,H,Real Madrid,Real Sociedad,5:02,CF,37,4:00,Header,Luka Modric
17/18,LaLiga,23,02-10-18,H,Real Madrid,Real Sociedad,5:02,CF,80,5:01,Tap-in,
17/18,UEFA Champions League,last 16,2/14/18,H,Real Madrid,Paris Saint-Germain,3:01,LW,45,1:01,Penalty,
17/18,UEFA Champions League,last 16,2/14/18,H,Real Madrid,Paris Saint-Germain,3:01,LW,83,2:01,Tap-in,
17/18,LaLiga,24,2/18/18,A,Real Madrid,Real Betis Balompie,3:05,CF,65,2:04,Right-footed shot,Casemiro
17/18,LaLiga,25,2/24/18,H,Real Madrid,Deportivo Alaves,4:00,CF ,44,1:00,Left-footed shot,Karim Benzema
17/18,LaLiga,25,2/24/18,H,Real Madrid,Deportivo Alaves,4:00,CF ,61,3:00,Right-footed shot,Lucas Vazquez
17/18,LaLiga,27,03-03-18,H,Real Madrid,Getafe CF,3:01,CF,45+1,2:00,Left-footed shot,Karim Benzema
17/18,LaLiga,27,03-03-18,H,Real Madrid,Getafe CF,3:01,CF,78,3:01,Header,Marcelo
17/18,UEFA Champions League,last 16,03-06-18,A,Real Madrid,Paris Saint-Germain,1:02,CF,51,0:01,Header,Lucas Vazquez
17/18,LaLiga,28,03-10-18,A,Real Madrid,SD Eibar,1:02,CF,33,0:01,Right-footed shot,Luka Modric
17/18,LaLiga,28,03-10-18,A,Real Madrid,SD Eibar,1:02,CF,84,1:02,Header,Daniel Carvajal
17/18,LaLiga,29,3/18/18,H,Real Madrid,Girona FC,6:03,CF,11,1:00,Left-footed shot,Toni Kroos
17/18,LaLiga,29,3/18/18,H,Real Madrid,Girona FC,6:03,CF,47,2:01,Left-footed shot,Karim Benzema
17/18,LaLiga,29,3/18/18,H,Real Madrid,Girona FC,6:03,CF,64,4:01,Tap-in,
17/18,LaLiga,29,3/18/18,H,Real Madrid,Girona FC,6:03,CF,90+1,6:03,Right-footed shot,Toni Kroos
17/18,UEFA Champions League,Quarter-Finals,04-03-18,A,Real Madrid,Juventus FC,0:03,CF,3,0:01,Right-footed shot,Isco
17/18,UEFA Champions League,Quarter-Finals,04-03-18,A,Real Madrid,Juventus FC,0:03,CF,64,0:02,Right-footed shot,Daniel Carvajal
17/18,LaLiga,31,04-08-18,H,Real Madrid,Atletico de Madrid,1:01,CF,53,1:00,Right-footed shot,Gareth Bale
17/18,UEFA Champions League,Quarter-Finals,04-11-18,H,Real Madrid,Juventus FC,1:03,CF,90+7,1:03,Penalty,
17/18,LaLiga,33,4/18/18,H,Real Madrid,Athletic Bilbao,1:01,CF,87,1:01,Right-footed shot,Luka Modric
17/18,LaLiga,36,05-06-18,A,Real Madrid,FC Barcelona,2:02,LW,14,1:01,Right-footed shot,Karim Benzema
17/18,LaLiga,38,5/19/18,A,Real Madrid,Villarreal CF,2:02,CF,32,0:02,Header,Marcelo
18/19,Serie A,4,9/16/18,H,Juventus FC,US Sassuolo,2:01,CF,50,1:00,Tap-in,
18/19,Serie A,4,9/16/18,H,Juventus FC,US Sassuolo,2:01,CF,65,2:00,Left-footed shot,Emre Can
18/19,Serie A,5,9/23/18,A,Juventus FC,Frosinone Calcio,0:02,LW,81,0:01,Left-footed shot,
18/19,Serie A,8,10-06-18,A,Juventus FC,Udinese Calcio,0:02,LW,37,0:02,Left-footed shot,Mario Mandzukic
18/19,Serie A,9,10/20/18,H,Juventus FC,Genoa CFC,1:01,LW,18,1:00,Tap-in,
18/19,Serie A,10,10/27/18,A,Juventus FC,Empoli FC ,1:02,CF,54,1:01,Penalty,
18/19,Serie A,10,10/27/18,A,Juventus FC,Empoli FC ,1:02,CF,70,1:02,Right-footed shot,Blaise Matuidi
18/19,UEFA Champions League,Group Stage,11-07-18,H,Juventus FC,Manchester United,1:02,CF,65,1:00,Right-footed shot,Leonardo Bonucci
18/19,Serie A,12,11-11-18,A,Juventus FC,AC Milan,0:02,LW,81,0:02,Tap-in,
18/19,Serie A,13,11/24/18,H,Juventus FC,SPAL,2:00,CF,29,1:00,Left-footed shot,Miralem Pjanic
18/19,Serie A,14,12-01-18,A,Juventus FC,ACF Fiorentina,0:03,LW,79,0:03,Penalty,
18/19,Serie A,16,12/15/18,A,Juventus FC,Torino FC,0:01,LW,70,0:01,Penalty,
18/19,Serie A,18,12/26/18,A,Juventus FC,Atalanta BC,2:02,CF,78,2:02,Header,Giorgio Chiellini
18/19,Serie A,19,12/29/18,H,Juventus FC,UC Sampdoria,2:01,LW,2,1:00,Right-footed shot,Paulo Dybala
18/19,Serie A,19,12/29/18,H,Juventus FC,UC Sampdoria,2:01,LW,65,2:01,Penalty,
18/19,Supercoppa Italiana,Final,1/16/19,H,Juventus FC,AC Milan,1:00,LW,61,1:00,Header,Miralem Pjanic
18/19,Serie A,21,1/27/19,A,Juventus FC,SS Lazio,1:02,LW,88,1:02,Penalty,
18/19,Serie A,22,02-02-19,H,Juventus FC,Parma Calcio 1913,3:03,LW,36,1:00,Right-footed shot,Blaise Matuidi
18/19,Serie A,22,02-02-19,H,Juventus FC,Parma Calcio 1913,3:03,LW,66,3:01,Header,Mario Mandzukic
18/19,Serie A,23,02-10-19,A,Juventus FC,US Sassuolo,0:03,LW,70,0:02,Header,Miralem Pjanic
18/19,Serie A,24,2/15/19,H,Juventus FC,Frosinone Calcio,3:00,LW,63,3:00,Right-footed shot,Mario Mandzukic
18/19,UEFA Champions League,last 16,03-12-19,H,Juventus FC,Atletico de Madrid,3:00,CF,27,1:00,Header,Federico Bernardeschi
18/19,UEFA Champions League,last 16,03-12-19,H,Juventus FC,Atletico de Madrid,3:00,CF,49,2:00,Header,JoÃ£o Cancelo
18/19,UEFA Champions League,last 16,03-12-19,H,Juventus FC,Atletico de Madrid,3:00,CF,86,3:00,Penalty,
18/19,UEFA Champions League,Quarter-Finals,04-10-19,A,Juventus FC,Ajax Amsterdam,1:01,LW,45,0:01,Header,JoÃ£o Cancelo
18/19,UEFA Champions League,Quarter-Finals,4/16/19,H,Juventus FC,Ajax Amsterdam,1:02,LW,28,1:00,Header,Miralem Pjanic
18/19,Serie A,34,4/27/19,A,Juventus FC,Inter Milan,1:01,CF,62,1:01,Left-footed shot,Miralem Pjanic
18/19,Serie A,35,05-03-19,H,Juventus FC,Torino FC,1:01,CF,84,1:01,Header,Leonardo Spinazzola
19/20,Serie A,2,8/31/19,H,Juventus FC,SSC Napoli,4:03,LW,62,3:00,Left-footed shot,Douglas Costa
19/20,Serie A,4,9/21/19,H,Juventus FC,Hellas Verona,2:01,LW,49,2:01,Penalty,
19/20,Serie A,6,9/28/19,H,Juventus FC,SPAL,2:00,CF,78,2:00,Header,Paulo Dybala
19/20,UEFA Champions League,Group Stage,10-01-19,H,Juventus FC,Bayer 04 Leverkusen,3:00,CF,89,3:00,Right-footed shot,Paulo Dybala
19/20,Serie A,8,10/19/19,H,Juventus FC,Bologna FC 1909,2:01,CF,19,1:00,Right-footed shot,
19/20,Serie A,10,10/30/19,H,Juventus FC,Genoa CFC,2:01,CF,90+6,2:01,Penalty,
19/20,Serie A,14,12-01-19,H,Juventus FC,US Sassuolo,2:02,CF,68,2:02,Penalty,
19/20,Serie A,15,12-07-19,A,Juventus FC,SS Lazio,3:01,CF,25,0:01,Tap-in,Rodrigo Bentancur
19/20,UEFA Champions League,Group Stage,12-11-19,A,Juventus FC,Bayer 04 Leverkusen,0:02,CF,75,0:01,Right-footed shot,Paulo Dybala
19/20,Serie A,16,12/15/19,H,Juventus FC,Udinese Calcio,3:01,CF,9,1:00,Right-footed shot,
19/20,Serie A,16,12/15/19,H,Juventus FC,Udinese Calcio,3:01,CF,37,2:00,Left-footed shot,Gonzalo Higuain
19/20,Serie A,17,12/18/19,A,Juventus FC,UC Sampdoria,1:02,LW,45,1:02,Header,Alex Sandro
19/20,Serie A,18,01-06-20,H,Juventus FC,Cagliari Calcio,4:00,CF,49,1:00,Right-footed shot,
19/20,Serie A,18,01-06-20,H,Juventus FC,Cagliari Calcio,4:00,CF,67,2:00,Penalty,
19/20,Serie A,18,01-06-20,H,Juventus FC,Cagliari Calcio,4:00,CF,82,4:00,Left-footed shot,Douglas Costa
19/20,Serie A,19,01-12-20,A,Juventus FC,AS Roma,1:02,CF,10,0:02,Penalty,
19/20,Serie A,20,1/19/20,H,Juventus FC,Parma Calcio 1913,2:01,CF,43,1:00,Deflected shot on goal,Blaise Matuidi
19/20,Serie A,20,1/19/20,H,Juventus FC,Parma Calcio 1913,2:01,CF,58,2:01,Right-footed shot,Paulo Dybala
19/20,Italy Cup,Quarter-Finals,1/22/20,H,Juventus FC,AS Roma,3:01,LW,26,1:00,Left-footed shot,Gonzalo Higuain
19/20,Serie A,21,1/26/20,A,Juventus FC,SSC Napoli,2:01,LW,90,2:01,Right-footed shot,Rodrigo Bentancur
19/20,Serie A,22,02-02-20,H,Juventus FC,ACF Fiorentina,3:00,LW,40,1:00,Penalty,
19/20,Serie A,22,02-02-20,H,Juventus FC,ACF Fiorentina,3:00,LW,80,2:00,Penalty,
19/20,Serie A,23,02-08-20,A,Juventus FC,Hellas Verona,2:01,LW,65,0:01,Right-footed shot,Rodrigo Bentancur
19/20,Italy Cup,Semi-Finals,2/13/20,A,Juventus FC,AC Milan,1:01,LW,90+1,1:01,Penalty,
19/20,Serie A,25,2/22/20,A,Juventus FC,SPAL,1:02,LW,39,0:01,Tap-in,Juan Cuadrado
19/20,Serie A,27,6/22/20,A,Juventus FC,Bologna FC 1909,0:02,LW,23,0:01,Penalty,
19/20,Serie A,28,6/26/20,H,Juventus FC,US Lecce,4:00,LW,62,2:00,Penalty,
19/20,Serie A,29,6/30/20,A,Juventus FC,Genoa CFC,1:03,LW,56,0:02,Long distance kick,Miralem Pjanic
19/20,Serie A,30,07-04-20,H,Juventus FC,Torino FC,4:01,LW,61,3:01,Direct free kick,
19/20,Serie A,31,07-07-20,A,Juventus FC,AC Milan,4:02,LW,53,0:02,Left-footed shot,Juan Cuadrado
19/20,Serie A,32,07-11-20,H,Juventus FC,Atalanta BC,2:02,LW,55,1:01,Penalty,
19/20,Serie A,32,07-11-20,H,Juventus FC,Atalanta BC,2:02,LW,90,2:02,Penalty,
19/20,Serie A,34,7/20/20,H,Juventus FC,SS Lazio,2:01,LW,51,1:00,Penalty,
19/20,Serie A,34,7/20/20,H,Juventus FC,SS Lazio,2:01,LW,54,2:00,Counter attack goal,Paulo Dybala
19/20,Serie A,36,7/26/20,H,Juventus FC,UC Sampdoria,2:00,LW,45+7,1:00,Right-footed shot,Miralem Pjanic
19/20,UEFA Champions League,last 16,08-07-20,H,Juventus FC,Olympique Lyon,2:01,LW,43,1:01,Penalty,
19/20,UEFA Champions League,last 16,08-07-20,H,Juventus FC,Olympique Lyon,2:01,LW,60,2:01,Left-footed shot,Federico Bernardeschi
20/21,Serie A,1,9/20/20,H,Juventus FC,UC Sampdoria,3:00,CF,88,3:00,Right-footed shot,Aaron Ramsey
20/21,Serie A,2,9/27/20,A,Juventus FC,AS Roma,2:02,CF,44,1:01,Penalty,
20/21,Serie A,2,9/27/20,A,Juventus FC,AS Roma,2:02,CF,69,2:02,Header,Danilo
20/21,Serie A,6,11-01-20,A,Juventus FC,Spezia Calcio,1:04,CF,59,1:02,Right-footed shot,alvaro Morata
20/21,Serie A,6,11-01-20,A,Juventus FC,Spezia Calcio,1:04,CF,76,1:04,Penalty,
20/21,Serie A,7,11-08-20,A,Juventus FC,SS Lazio,1:01,LW,15,0:01,Right-footed shot,Juan Cuadrado
20/21,Serie A,8,11/21/20,H,Juventus FC,Cagliari Calcio,2:00,CF,38,1:00,Right-footed shot,alvaro Morata
20/21,Serie A,8,11/21/20,H,Juventus FC,Cagliari Calcio,2:00,CF,42,2:00,Right-footed shot,Merih Demiral
20/21,UEFA Champions League,Group Stage,11/24/20,H,Juventus FC,Ferencvarosi TC,2:01,CF,35,1:01,Left-footed shot,Juan Cuadrado
20/21,UEFA Champions League,Group Stage,12-02-20,H,Juventus FC,Dynamo Kyiv,3:00,CF,57,2:00,Right-footed shot,alvaro Morata
20/21,UEFA Champions League,Group Stage,12-08-20,A,Juventus FC,FC Barcelona,0:03,CF,13,0:01,Penalty,
20/21,UEFA Champions League,Group Stage,12-08-20,A,Juventus FC,FC Barcelona,0:03,CF,52,0:03,Penalty,
20/21,Serie A,11,12/13/20,A,Juventus FC,Genoa CFC,1:03,CF,78,1:02,Penalty,
20/21,Serie A,11,12/13/20,A,Juventus FC,Genoa CFC,1:03,CF,89,1:03,Penalty,
20/21,Serie A,13,12/19/20,A,Juventus FC,Parma Calcio 1913,0:04,CF,26,0:02,Header,alvaro Morata
20/21,Serie A,13,12/19/20,A,Juventus FC,Parma Calcio 1913,0:04,CF,48,0:03,Left-footed shot,Aaron Ramsey
20/21,Serie A,15,01-03-21,H,Juventus FC,Udinese Calcio,4:01,CF,31,1:00,Right-footed shot,Aaron Ramsey
20/21,Serie A,15,01-03-21,H,Juventus FC,Udinese Calcio,4:01,CF,70,3:00,Left-footed shot,Rodrigo Bentancur
20/21,Serie A,17,01-10-21,H,Juventus FC,US Sassuolo,3:01,CF,90+2,3:01,Right-footed shot,Danilo
20/21,Supercoppa Italiana,Final,1/20/21,H,Juventus FC,SSC Napoli,2:00,CF,64,1:00,Tap-in,
20/21,Italy Cup,Semi-Finals,02-02-21,A,Juventus FC,Inter Milan,1:02,CF,26,1:01,Penalty,
20/21,Italy Cup,Semi-Finals,02-02-21,A,Juventus FC,Inter Milan,1:02,CF,35,1:02,Left-footed shot,
20/21,Serie A,21,02-06-21,H,Juventus FC,AS Roma,2:00,CF,13,1:00,Left-footed shot,alvaro Morata
20/21,Serie A,23,2/22/21,H,Juventus FC,FC Crotone,3:00,CF,38,1:00,Header,Alex Sandro
20/21,Serie A,23,2/22/21,H,Juventus FC,FC Crotone,3:00,CF,45+1,2:00,Header,Aaron Ramsey
20/21,Serie A,24,2/27/21,A,Juventus FC,Hellas Verona,1:01,CF,49,0:01,Right-footed shot,Federico Chiesa
20/21,Serie A,25,03-02-21,H,Juventus FC,Spezia Calcio,3:00,CF,89,3:00,Counter attack goal,Rodrigo Bentancur
20/21,Serie A,27,3/14/21,A,Juventus FC,Cagliari Calcio,1:03,CF,10,0:01,Header,Juan Cuadrado
20/21,Serie A,27,3/14/21,A,Juventus FC,Cagliari Calcio,1:03,CF,25,0:02,Penalty,
20/21,Serie A,27,3/14/21,A,Juventus FC,Cagliari Calcio,1:03,CF,32,0:03,Left-footed shot,Federico Chiesa
20/21,Serie A,29,04-03-21,A,Juventus FC,Torino FC,2:02,CF,79,2:02,Header,Giorgio Chiellini
20/21,Serie A,3,04-07-21,H,Juventus FC,SSC Napoli,2:01,CF,13,1:00,Right-footed shot,Federico Chiesa
20/21,Serie A,34,05-02-21,A,Juventus FC,Udinese Calcio,1:02,CF,83,1:01,Penalty,
20/21,Serie A,34,05-02-21,A,Juventus FC,Udinese Calcio,1:02,CF,89,1:02,Header,Adrien Rabiot
20/21,Serie A,36,05-12-21,A,Juventus FC,US Sassuolo,1:03,CF,45,0:02,Left-footed shot,
20/21,Serie A,37,5/15/21,H,Juventus FC,Inter Milan,3:02,CF,24,1:00,Penalty rebound,
21/22,Premier League,4,09-11-21,H,Manchester United,Newcastle United,4:01,CF,45+2,1:00,Tap-in,
21/22,Premier League,4,09-11-21,H,Manchester United,Newcastle United,4:01,CF,62,2:01,Left-footed shot,Luke Shaw
21/22,UEFA Champions League,Group Stage,9/14/21,A,Manchester United,BSC Young Boys,2:01,CF,13,0:01,Right-footed shot,Bruno Fernandes
21/22,Premier League,5,9/19/21,A,Manchester United,West Ham United,1:02,CF,35,1:01,Right-footed shot,
21/22,UEFA Champions League,Group Stage,9/29/21,H,Manchester United,Villarreal CF,2:01,CF,90+5,2:01,Right-footed shot,Jesse Lingard
21/22,UEFA Champions League,Group Stage,10/20/21,H,Manchester United,Atalanta BC,3:02,CF,81,3:02,Header,Luke Shaw
21/22,Premier League,10,10/30/21,A,Manchester United,Tottenham Hotspur,0:03,CF,39,0:01,Right-footed shot,Bruno Fernandes
21/22,UEFA Champions League,Group Stage,11-02-21,A,Manchester United,Atalanta BC,2:02,CF,45+1,1:01,Right-footed shot,Bruno Fernandes
21/22,UEFA Champions League,Group Stage,11-02-21,A,Manchester United,Atalanta BC,2:02,CF,90+1,2:02,Right-footed shot,Mason Greenwood
21/22,UEFA Champions League,Group Stage,11/23/21,A,Manchester United,Villarreal CF,0:02,CF,78,0:01,Right-footed shot,
21/22,Premier League,14,12-02-21,H,Manchester United,Arsenal FC,3:02,CF,52,2:01,Right-footed shot,Marcus Rashford
21/22,Premier League,14,12-02-21,H,Manchester United,Arsenal FC,3:02,CF,70,3:02,Penalty,
21/22,Premier League,16,12-11-21,A,Manchester United,Norwich City,0:01,CF,75,0:01,Penalty,
21/22,Premier League,20,12/30/21,H,Manchester United,Burnley FC,3:01,CF,35,3:00,Right-footed shot,
21/22,Premier League,18,2/15/22,H,Manchester United,Brighton & Hove Albion,2:00,CF,51,1:00,Right-footed shot,Scott McTominay
21/22,Premier League,29,03-12-22,H,Manchester United,Tottenham Hotspur,3:02,CF,12,1:00,Right-footed shot,Fred
21/22,Premier League,29,03-12-22,H,Manchester United,Tottenham Hotspur,3:02,CF,38,2:01,Right-footed shot,Jadon Sancho
21/22,Premier League,29,03-12-22,H,Manchester United,Tottenham Hotspur,3:02,CF,81,3:02,Header,Alex Telles
21/22,Premier League,33,4/16/22,H,Manchester United,Norwich City,3:02,CF,7,1:00,Right-footed shot,Anthony Elanga
21/22,Premier League,33,4/16/22,H,Manchester United,Norwich City,3:02,CF,32,2:00,Header,Alex Telles
21/22,Premier League,33,4/16/22,H,Manchester United,Norwich City,3:02,CF,76,3:02,Direct free kick,
21/22,Premier League,34,4/23/22,A,Manchester United,Arsenal FC,3:01,CF,34,2:01,Left-footed shot,Nemanja MatiÄ‡
21/22,Premier League,37,4/28/22,H,Manchester United,Chelsea FC,1:01,CF,62,1:01,Right-footed shot,Nemanja MatiÄ‡
21/22,Premier League,35,05-02-22,H,Manchester United,Brentford FC,3:00,CF,61,2:00,Penalty,
22/23,Europa League,Group Stage,9/15/22,A,Manchester United,FC Sheriff,0:02,CF,39',0:02,Penalty,
